volume,seed,cycle_seconds,sim_end_time,total_arrived,avg_arrived_per_cycle,max_arrived_per_cycle,summary_file
500,10,90,7199.0,512,11.891891891891891,33,C:\Users\panavberokhai\Desktop\project\sumo_emission_project\data\capacity_analysis\volumes\V0500\seed_10\summary.xml
500,13,90,7199.0,512,11.837837837837839,35,C:\Users\panavberokhai\Desktop\project\sumo_emission_project\data\capacity_analysis\volumes\V0500\seed_13\summary.xml
500,17,90,7199.0,512,11.81081081081081,37,C:\Users\panavberokhai\Desktop\project\sumo_emission_project\data\capacity_analysis\volumes\V0500\seed_17\summary.xml
500,25,90,7199.0,512,11.837837837837839,37,C:\Users\panavberokhai\Desktop\project\sumo_emission_project\data\capacity_analysis\volumes\V0500\seed_25\summary.xml
500,37,90,7199.0,512,11.837837837837839,37,C:\Users\panavberokhai\Desktop\project\sumo_emission_project\data\capacity_analysis\volumes\V0500\seed_37\summary.xml
500,42,90,7199.0,512,11.864864864864865,38,C:\Users\panavberokhai\Desktop\project\sumo_emission_project\data\capacity_analysis\volumes\V0500\seed_42\summary.xml
500,5,90,7199.0,512,11.81081081081081,36,C:\Users\panavberokhai\Desktop\project\sumo_emission_project\data\capacity_analysis\volumes\V0500\seed_5\summary.xml
500,50,90,7199.0,512,11.891891891891891,35,C:\Users\panavberokhai\Desktop\project\sumo_emission_project\data\capacity_analysis\volumes\V0500\seed_50\summary.xml
500,75,90,7199.0,512,11.837837837837839,37,C:\Users\panavberokhai\Desktop\project\sumo_emission_project\data\capacity_analysis\volumes\V0500\seed_75\summary.xml
500,77,90,7199.0,512,11.864864864864865,36,C:\Users\panavberokhai\Desktop\project\sumo_emission_project\data\capacity_analysis\volumes\V0500\seed_77\summary.xml
600,10,90,7199.0,632,14.702702702702704,32,C:\Users\panavberokhai\Desktop\project\sumo_emission_project\data\capacity_analysis\volumes\V0600\seed_10\summary.xml
600,13,90,7199.0,632,14.621621621621621,32,C:\Users\panavberokhai\Desktop\project\sumo_emission_project\data\capacity_analysis\volumes\V0600\seed_13\summary.xml
600,17,90,7199.0,632,14.675675675675675,32,C:\Users\panavberokhai\Desktop\project\sumo_emission_project\data\capacity_analysis\volumes\V0600\seed_17\summary.xml
600,25,90,7199.0,632,14.621621621621621,33,C:\Users\panavberokhai\Desktop\project\sumo_emission_project\data\capacity_analysis\volumes\V0600\seed_25\summary.xml
600,37,90,7199.0,632,14.72972972972973,37,C:\Users\panavberokhai\Desktop\project\sumo_emission_project\data\capacity_analysis\volumes\V0600\seed_37\summary.xml
600,42,90,7199.0,632,14.702702702702704,37,C:\Users\panavberokhai\Desktop\project\sumo_emission_project\data\capacity_analysis\volumes\V0600\seed_42\summary.xml
600,5,90,7199.0,632,14.64864864864865,34,C:\Users\panavberokhai\Desktop\project\sumo_emission_project\data\capacity_analysis\volumes\V0600\seed_5\summary.xml
600,50,90,7199.0,632,14.675675675675675,32,C:\Users\panavberokhai\Desktop\project\sumo_emission_project\data\capacity_analysis\volumes\V0600\seed_50\summary.xml
600,75,90,7199.0,632,14.64864864864865,37,C:\Users\panavberokhai\Desktop\project\sumo_emission_project\data\capacity_analysis\volumes\V0600\seed_75\summary.xml
600,77,90,7199.0,632,14.594594594594595,33,C:\Users\panavberokhai\Desktop\project\sumo_emission_project\data\capacity_analysis\volumes\V0600\seed_77\summary.xml
700,10,90,7199.0,736,17.37837837837838,40,C:\Users\panavberokhai\Desktop\project\sumo_emission_project\data\capacity_analysis\volumes\V0700\seed_10\summary.xml
700,13,90,7199.0,736,17.35135135135135,41,C:\Users\panavberokhai\Desktop\project\sumo_emission_project\data\capacity_analysis\volumes\V0700\seed_13\summary.xml
700,17,90,7199.0,736,17.2972972972973,40,C:\Users\panavberokhai\Desktop\project\sumo_emission_project\data\capacity_analysis\volumes\V0700\seed_17\summary.xml
700,25,90,7199.0,736,17.2972972972973,42,C:\Users\panavberokhai\Desktop\project\sumo_emission_project\data\capacity_analysis\volumes\V0700\seed_25\summary.xml
700,37,90,7199.0,736,17.35135135135135,40,C:\Users\panavberokhai\Desktop\project\sumo_emission_project\data\capacity_analysis\volumes\V0700\seed_37\summary.xml
700,42,90,7199.0,736,17.35135135135135,40,C:\Users\panavberokhai\Desktop\project\sumo_emission_project\data\capacity_analysis\volumes\V0700\seed_42\summary.xml
700,5,90,7199.0,736,17.37837837837838,41,C:\Users\panavberokhai\Desktop\project\sumo_emission_project\data\capacity_analysis\volumes\V0700\seed_5\summary.xml
700,50,90,7199.0,736,17.27027027027027,37,C:\Users\panavberokhai\Desktop\project\sumo_emission_project\data\capacity_analysis\volumes\V0700\seed_50\summary.xml
700,75,90,7199.0,736,17.324324324324323,37,C:\Users\panavberokhai\Desktop\project\sumo_emission_project\data\capacity_analysis\volumes\V0700\seed_75\summary.xml
700,77,90,7199.0,736,17.2972972972973,38,C:\Users\panavberokhai\Desktop\project\sumo_emission_project\data\capacity_analysis\volumes\V0700\seed_77\summary.xml
800,10,90,7199.0,844,19.91891891891892,47,C:\Users\panavberokhai\Desktop\project\sumo_emission_project\data\capacity_analysis\volumes\V0800\seed_10\summary.xml
800,13,90,7199.0,844,19.91891891891892,44,C:\Users\panavberokhai\Desktop\project\sumo_emission_project\data\capacity_analysis\volumes\V0800\seed_13\summary.xml
800,17,90,7199.0,844,19.972972972972972,44,C:\Users\panavberokhai\Desktop\project\sumo_emission_project\data\capacity_analysis\volumes\V0800\seed_17\summary.xml
800,25,90,7199.0,844,20.0,42,C:\Users\panavberokhai\Desktop\project\sumo_emission_project\data\capacity_analysis\volumes\V0800\seed_25\summary.xml
800,37,90,7199.0,844,20.0,49,C:\Users\panavberokhai\Desktop\project\sumo_emission_project\data\capacity_analysis\volumes\V0800\seed_37\summary.xml
800,42,90,7199.0,844,19.91891891891892,46,C:\Users\panavberokhai\Desktop\project\sumo_emission_project\data\capacity_analysis\volumes\V0800\seed_42\summary.xml
800,5,90,7199.0,844,19.91891891891892,42,C:\Users\panavberokhai\Desktop\project\sumo_emission_project\data\capacity_analysis\volumes\V0800\seed_5\summary.xml
800,50,90,7199.0,844,19.864864864864863,44,C:\Users\panavberokhai\Desktop\project\sumo_emission_project\data\capacity_analysis\volumes\V0800\seed_50\summary.xml
800,75,90,7199.0,844,19.89189189189189,46,C:\Users\panavberokhai\Desktop\project\sumo_emission_project\data\capacity_analysis\volumes\V0800\seed_75\summary.xml
800,77,90,7199.0,844,19.864864864864863,42,C:\Users\panavberokhai\Desktop\project\sumo_emission_project\data\capacity_analysis\volumes\V0800\seed_77\summary.xml
900,10,90,7199.0,936,22.405405405405407,52,C:\Users\panavberokhai\Desktop\project\sumo_emission_project\data\capacity_analysis\volumes\V0900\seed_10\summary.xml
900,13,90,7199.0,936,22.45945945945946,48,C:\Users\panavberokhai\Desktop\project\sumo_emission_project\data\capacity_analysis\volumes\V0900\seed_13\summary.xml
900,17,90,7199.0,936,22.43243243243243,54,C:\Users\panavberokhai\Desktop\project\sumo_emission_project\data\capacity_analysis\volumes\V0900\seed_17\summary.xml
900,25,90,7199.0,936,22.45945945945946,49,C:\Users\panavberokhai\Desktop\project\sumo_emission_project\data\capacity_analysis\volumes\V0900\seed_25\summary.xml
900,37,90,7199.0,936,22.43243243243243,52,C:\Users\panavberokhai\Desktop\project\sumo_emission_project\data\capacity_analysis\volumes\V0900\seed_37\summary.xml
900,42,90,7199.0,936,22.45945945945946,50,C:\Users\panavberokhai\Desktop\project\sumo_emission_project\data\capacity_analysis\volumes\V0900\seed_42\summary.xml
900,5,90,7199.0,936,22.486486486486488,49,C:\Users\panavberokhai\Desktop\project\sumo_emission_project\data\capacity_analysis\volumes\V0900\seed_5\summary.xml
900,50,90,7199.0,936,22.43243243243243,46,C:\Users\panavberokhai\Desktop\project\sumo_emission_project\data\capacity_analysis\volumes\V0900\seed_50\summary.xml
900,75,90,7199.0,936,22.43243243243243,51,C:\Users\panavberokhai\Desktop\project\sumo_emission_project\data\capacity_analysis\volumes\V0900\seed_75\summary.xml
900,77,90,7199.0,936,22.43243243243243,51,C:\Users\panavberokhai\Desktop\project\sumo_emission_project\data\capacity_analysis\volumes\V0900\seed_77\summary.xml
1000,10,90,7199.0,1020,24.972972972972972,48,C:\Users\panavberokhai\Desktop\project\sumo_emission_project\data\capacity_analysis\volumes\V1000\seed_10\summary.xml
1000,13,90,7199.0,1020,25.16216216216216,48,C:\Users\panavberokhai\Desktop\project\sumo_emission_project\data\capacity_analysis\volumes\V1000\seed_13\summary.xml
1000,17,90,7199.0,1020,25.054054054054053,48,C:\Users\panavberokhai\Desktop\project\sumo_emission_project\data\capacity_analysis\volumes\V1000\seed_17\summary.xml
1000,25,90,7199.0,1020,25.054054054054053,49,C:\Users\panavberokhai\Desktop\project\sumo_emission_project\data\capacity_analysis\volumes\V1000\seed_25\summary.xml
1000,37,90,7199.0,1020,25.08108108108108,51,C:\Users\panavberokhai\Desktop\project\sumo_emission_project\data\capacity_analysis\volumes\V1000\seed_37\summary.xml
1000,42,90,7199.0,1020,25.08108108108108,47,C:\Users\panavberokhai\Desktop\project\sumo_emission_project\data\capacity_analysis\volumes\V1000\seed_42\summary.xml
1000,5,90,7199.0,1020,25.054054054054053,46,C:\Users\panavberokhai\Desktop\project\sumo_emission_project\data\capacity_analysis\volumes\V1000\seed_5\summary.xml
1000,50,90,7199.0,1020,25.10810810810811,44,C:\Users\panavberokhai\Desktop\project\sumo_emission_project\data\capacity_analysis\volumes\V1000\seed_50\summary.xml
1000,75,90,7199.0,1020,25.054054054054053,50,C:\Users\panavberokhai\Desktop\project\sumo_emission_project\data\capacity_analysis\volumes\V1000\seed_75\summary.xml
1000,77,90,7199.0,1020,25.08108108108108,47,C:\Users\panavberokhai\Desktop\project\sumo_emission_project\data\capacity_analysis\volumes\V1000\seed_77\summary.xml
1100,10,90,7199.0,1140,27.54054054054054,52,C:\Users\panavberokhai\Desktop\project\sumo_emission_project\data\capacity_analysis\volumes\V1100\seed_10\summary.xml
1100,13,90,7199.0,1140,27.64864864864865,52,C:\Users\panavberokhai\Desktop\project\sumo_emission_project\data\capacity_analysis\volumes\V1100\seed_13\summary.xml
1100,17,90,7199.0,1140,27.56756756756757,53,C:\Users\panavberokhai\Desktop\project\sumo_emission_project\data\capacity_analysis\volumes\V1100\seed_17\summary.xml
1100,25,90,7199.0,1140,27.594594594594593,50,C:\Users\panavberokhai\Desktop\project\sumo_emission_project\data\capacity_analysis\volumes\V1100\seed_25\summary.xml
1100,37,90,7199.0,1140,27.513513513513512,52,C:\Users\panavberokhai\Desktop\project\sumo_emission_project\data\capacity_analysis\volumes\V1100\seed_37\summary.xml
1100,42,90,7199.0,1140,27.54054054054054,50,C:\Users\panavberokhai\Desktop\project\sumo_emission_project\data\capacity_analysis\volumes\V1100\seed_42\summary.xml
1100,5,90,7199.0,1140,27.513513513513512,52,C:\Users\panavberokhai\Desktop\project\sumo_emission_project\data\capacity_analysis\volumes\V1100\seed_5\summary.xml
1100,50,90,7199.0,1140,27.513513513513512,50,C:\Users\panavberokhai\Desktop\project\sumo_emission_project\data\capacity_analysis\volumes\V1100\seed_50\summary.xml
1100,75,90,7199.0,1140,27.513513513513512,53,C:\Users\panavberokhai\Desktop\project\sumo_emission_project\data\capacity_analysis\volumes\V1100\seed_75\summary.xml
1100,77,90,7199.0,1140,27.54054054054054,50,C:\Users\panavberokhai\Desktop\project\sumo_emission_project\data\capacity_analysis\volumes\V1100\seed_77\summary.xml
1200,10,90,7199.0,1240,30.216216216216218,54,C:\Users\panavberokhai\Desktop\project\sumo_emission_project\data\capacity_analysis\volumes\V1200\seed_10\summary.xml
1200,13,90,7199.0,1240,30.2972972972973,51,C:\Users\panavberokhai\Desktop\project\sumo_emission_project\data\capacity_analysis\volumes\V1200\seed_13\summary.xml
1200,17,90,7199.0,1240,30.18918918918919,49,C:\Users\panavberokhai\Desktop\project\sumo_emission_project\data\capacity_analysis\volumes\V1200\seed_17\summary.xml
1200,25,90,7199.0,1240,30.16216216216216,53,C:\Users\panavberokhai\Desktop\project\sumo_emission_project\data\capacity_analysis\volumes\V1200\seed_25\summary.xml
1200,37,90,7199.0,1240,30.216216216216218,54,C:\Users\panavberokhai\Desktop\project\sumo_emission_project\data\capacity_analysis\volumes\V1200\seed_37\summary.xml
1200,42,90,7199.0,1240,30.18918918918919,56,C:\Users\panavberokhai\Desktop\project\sumo_emission_project\data\capacity_analysis\volumes\V1200\seed_42\summary.xml
1200,5,90,7199.0,1240,30.243243243243242,52,C:\Users\panavberokhai\Desktop\project\sumo_emission_project\data\capacity_analysis\volumes\V1200\seed_5\summary.xml
1200,50,90,7199.0,1240,30.08108108108108,50,C:\Users\panavberokhai\Desktop\project\sumo_emission_project\data\capacity_analysis\volumes\V1200\seed_50\summary.xml
1200,75,90,7199.0,1240,30.135135135135137,51,C:\Users\panavberokhai\Desktop\project\sumo_emission_project\data\capacity_analysis\volumes\V1200\seed_75\summary.xml
1200,77,90,7199.0,1240,30.243243243243242,50,C:\Users\panavberokhai\Desktop\project\sumo_emission_project\data\capacity_analysis\volumes\V1200\seed_77\summary.xml
1300,10,90,7199.0,1356,32.432432432432435,57,C:\Users\panavberokhai\Desktop\project\sumo_emission_project\data\capacity_analysis\volumes\V1300\seed_10\summary.xml
1300,13,90,7199.0,1356,32.37837837837838,51,C:\Users\panavberokhai\Desktop\project\sumo_emission_project\data\capacity_analysis\volumes\V1300\seed_13\summary.xml
1300,17,90,7199.0,1356,32.45945945945946,49,C:\Users\panavberokhai\Desktop\project\sumo_emission_project\data\capacity_analysis\volumes\V1300\seed_17\summary.xml
1300,25,90,7199.0,1356,32.351351351351354,55,C:\Users\panavberokhai\Desktop\project\sumo_emission_project\data\capacity_analysis\volumes\V1300\seed_25\summary.xml
1300,37,90,7199.0,1356,32.351351351351354,56,C:\Users\panavberokhai\Desktop\project\sumo_emission_project\data\capacity_analysis\volumes\V1300\seed_37\summary.xml
1300,42,90,7199.0,1356,32.4054054054054,51,C:\Users\panavberokhai\Desktop\project\sumo_emission_project\data\capacity_analysis\volumes\V1300\seed_42\summary.xml
1300,5,90,7199.0,1356,32.432432432432435,48,C:\Users\panavberokhai\Desktop\project\sumo_emission_project\data\capacity_analysis\volumes\V1300\seed_5\summary.xml
1300,50,90,7199.0,1356,32.4054054054054,50,C:\Users\panavberokhai\Desktop\project\sumo_emission_project\data\capacity_analysis\volumes\V1300\seed_50\summary.xml
1300,75,90,7199.0,1356,32.486486486486484,52,C:\Users\panavberokhai\Desktop\project\sumo_emission_project\data\capacity_analysis\volumes\V1300\seed_75\summary.xml
1300,77,90,7199.0,1356,32.351351351351354,54,C:\Users\panavberokhai\Desktop\project\sumo_emission_project\data\capacity_analysis\volumes\V1300\seed_77\summary.xml
1400,10,90,7199.0,1440,34.972972972972975,54,C:\Users\panavberokhai\Desktop\project\sumo_emission_project\data\capacity_analysis\volumes\V1400\seed_10\summary.xml
1400,13,90,7199.0,1440,35.108108108108105,53,C:\Users\panavberokhai\Desktop\project\sumo_emission_project\data\capacity_analysis\volumes\V1400\seed_13\summary.xml
1400,17,90,7199.0,1440,34.891891891891895,53,C:\Users\panavberokhai\Desktop\project\sumo_emission_project\data\capacity_analysis\volumes\V1400\seed_17\summary.xml
1400,25,90,7199.0,1440,35.08108108108108,53,C:\Users\panavberokhai\Desktop\project\sumo_emission_project\data\capacity_analysis\volumes\V1400\seed_25\summary.xml
1400,37,90,7199.0,1440,35.027027027027025,53,C:\Users\panavberokhai\Desktop\project\sumo_emission_project\data\capacity_analysis\volumes\V1400\seed_37\summary.xml
1400,42,90,7199.0,1440,34.945945945945944,52,C:\Users\panavberokhai\Desktop\project\sumo_emission_project\data\capacity_analysis\volumes\V1400\seed_42\summary.xml
1400,5,90,7199.0,1440,35.13513513513514,53,C:\Users\panavberokhai\Desktop\project\sumo_emission_project\data\capacity_analysis\volumes\V1400\seed_5\summary.xml
1400,50,90,7199.0,1440,35.13513513513514,51,C:\Users\panavberokhai\Desktop\project\sumo_emission_project\data\capacity_analysis\volumes\V1400\seed_50\summary.xml
1400,75,90,7199.0,1440,35.0,58,C:\Users\panavberokhai\Desktop\project\sumo_emission_project\data\capacity_analysis\volumes\V1400\seed_75\summary.xml
1400,77,90,7199.0,1440,35.08108108108108,55,C:\Users\panavberokhai\Desktop\project\sumo_emission_project\data\capacity_analysis\volumes\V1400\seed_77\summary.xml
1500,10,90,7199.0,1516,37.810810810810814,62,C:\Users\panavberokhai\Desktop\project\sumo_emission_project\data\capacity_analysis\volumes\V1500\seed_10\summary.xml
1500,13,90,7199.0,1516,37.7027027027027,60,C:\Users\panavberokhai\Desktop\project\sumo_emission_project\data\capacity_analysis\volumes\V1500\seed_13\summary.xml
1500,17,90,7199.0,1516,37.67567567567568,58,C:\Users\panavberokhai\Desktop\project\sumo_emission_project\data\capacity_analysis\volumes\V1500\seed_17\summary.xml
1500,25,90,7199.0,1516,37.729729729729726,59,C:\Users\panavberokhai\Desktop\project\sumo_emission_project\data\capacity_analysis\volumes\V1500\seed_25\summary.xml
1500,37,90,7199.0,1516,37.67567567567568,59,C:\Users\panavberokhai\Desktop\project\sumo_emission_project\data\capacity_analysis\volumes\V1500\seed_37\summary.xml
1500,42,90,7199.0,1516,37.891891891891895,60,C:\Users\panavberokhai\Desktop\project\sumo_emission_project\data\capacity_analysis\volumes\V1500\seed_42\summary.xml
1500,5,90,7199.0,1516,37.810810810810814,59,C:\Users\panavberokhai\Desktop\project\sumo_emission_project\data\capacity_analysis\volumes\V1500\seed_5\summary.xml
1500,50,90,7199.0,1516,37.729729729729726,55,C:\Users\panavberokhai\Desktop\project\sumo_emission_project\data\capacity_analysis\volumes\V1500\seed_50\summary.xml
1500,75,90,7199.0,1516,37.7027027027027,55,C:\Users\panavberokhai\Desktop\project\sumo_emission_project\data\capacity_analysis\volumes\V1500\seed_75\summary.xml
1500,77,90,7199.0,1516,37.78378378378378,60,C:\Users\panavberokhai\Desktop\project\sumo_emission_project\data\capacity_analysis\volumes\V1500\seed_77\summary.xml
1600,10,90,7199.0,1632,40.24324324324324,59,C:\Users\panavberokhai\Desktop\project\sumo_emission_project\data\capacity_analysis\volumes\V1600\seed_10\summary.xml
1600,13,90,7199.0,1632,40.37837837837838,58,C:\Users\panavberokhai\Desktop\project\sumo_emission_project\data\capacity_analysis\volumes\V1600\seed_13\summary.xml
1600,17,90,7199.0,1632,40.21621621621622,56,C:\Users\panavberokhai\Desktop\project\sumo_emission_project\data\capacity_analysis\volumes\V1600\seed_17\summary.xml
1600,25,90,7199.0,1632,40.189189189189186,60,C:\Users\panavberokhai\Desktop\project\sumo_emission_project\data\capacity_analysis\volumes\V1600\seed_25\summary.xml
1600,37,90,7199.0,1632,40.270270270270274,59,C:\Users\panavberokhai\Desktop\project\sumo_emission_project\data\capacity_analysis\volumes\V1600\seed_37\summary.xml
1600,42,90,7199.0,1632,40.270270270270274,59,C:\Users\panavberokhai\Desktop\project\sumo_emission_project\data\capacity_analysis\volumes\V1600\seed_42\summary.xml
1600,5,90,7199.0,1632,40.432432432432435,60,C:\Users\panavberokhai\Desktop\project\sumo_emission_project\data\capacity_analysis\volumes\V1600\seed_5\summary.xml
1600,50,90,7199.0,1632,40.24324324324324,62,C:\Users\panavberokhai\Desktop\project\sumo_emission_project\data\capacity_analysis\volumes\V1600\seed_50\summary.xml
1600,75,90,7199.0,1632,40.24324324324324,58,C:\Users\panavberokhai\Desktop\project\sumo_emission_project\data\capacity_analysis\volumes\V1600\seed_75\summary.xml
1600,77,90,7199.0,1632,40.2972972972973,60,C:\Users\panavberokhai\Desktop\project\sumo_emission_project\data\capacity_analysis\volumes\V1600\seed_77\summary.xml
1700,10,90,7199.0,1732,42.513513513513516,66,C:\Users\panavberokhai\Desktop\project\sumo_emission_project\data\capacity_analysis\volumes\V1700\seed_10\summary.xml
1700,13,90,7199.0,1732,42.62162162162162,61,C:\Users\panavberokhai\Desktop\project\sumo_emission_project\data\capacity_analysis\volumes\V1700\seed_13\summary.xml
1700,17,90,7199.0,1732,42.567567567567565,64,C:\Users\panavberokhai\Desktop\project\sumo_emission_project\data\capacity_analysis\volumes\V1700\seed_17\summary.xml
1700,25,90,7199.0,1732,42.7027027027027,62,C:\Users\panavberokhai\Desktop\project\sumo_emission_project\data\capacity_analysis\volumes\V1700\seed_25\summary.xml
1700,37,90,7199.0,1732,42.513513513513516,61,C:\Users\panavberokhai\Desktop\project\sumo_emission_project\data\capacity_analysis\volumes\V1700\seed_37\summary.xml
1700,42,90,7199.0,1732,42.5945945945946,66,C:\Users\panavberokhai\Desktop\project\sumo_emission_project\data\capacity_analysis\volumes\V1700\seed_42\summary.xml
1700,5,90,7199.0,1732,42.513513513513516,68,C:\Users\panavberokhai\Desktop\project\sumo_emission_project\data\capacity_analysis\volumes\V1700\seed_5\summary.xml
1700,50,90,7199.0,1732,42.567567567567565,63,C:\Users\panavberokhai\Desktop\project\sumo_emission_project\data\capacity_analysis\volumes\V1700\seed_50\summary.xml
1700,75,90,7199.0,1732,42.486486486486484,65,C:\Users\panavberokhai\Desktop\project\sumo_emission_project\data\capacity_analysis\volumes\V1700\seed_75\summary.xml
1700,77,90,7199.0,1732,42.54054054054054,65,C:\Users\panavberokhai\Desktop\project\sumo_emission_project\data\capacity_analysis\volumes\V1700\seed_77\summary.xml
1800,10,90,7199.0,1832,45.108108108108105,73,C:\Users\panavberokhai\Desktop\project\sumo_emission_project\data\capacity_analysis\volumes\V1800\seed_10\summary.xml
1800,13,90,7199.0,1832,45.13513513513514,68,C:\Users\panavberokhai\Desktop\project\sumo_emission_project\data\capacity_analysis\volumes\V1800\seed_13\summary.xml
1800,17,90,7199.0,1832,45.108108108108105,71,C:\Users\panavberokhai\Desktop\project\sumo_emission_project\data\capacity_analysis\volumes\V1800\seed_17\summary.xml
1800,25,90,7199.0,1832,45.08108108108108,71,C:\Users\panavberokhai\Desktop\project\sumo_emission_project\data\capacity_analysis\volumes\V1800\seed_25\summary.xml
1800,37,90,7199.0,1832,45.13513513513514,68,C:\Users\panavberokhai\Desktop\project\sumo_emission_project\data\capacity_analysis\volumes\V1800\seed_37\summary.xml
1800,42,90,7199.0,1832,45.189189189189186,71,C:\Users\panavberokhai\Desktop\project\sumo_emission_project\data\capacity_analysis\volumes\V1800\seed_42\summary.xml
1800,5,90,7199.0,1832,45.08108108108108,74,C:\Users\panavberokhai\Desktop\project\sumo_emission_project\data\capacity_analysis\volumes\V1800\seed_5\summary.xml
1800,50,90,7199.0,1832,45.13513513513514,70,C:\Users\panavberokhai\Desktop\project\sumo_emission_project\data\capacity_analysis\volumes\V1800\seed_50\summary.xml
1800,75,90,7199.0,1832,45.0,71,C:\Users\panavberokhai\Desktop\project\sumo_emission_project\data\capacity_analysis\volumes\V1800\seed_75\summary.xml
1800,77,90,7199.0,1832,45.16216216216216,69,C:\Users\panavberokhai\Desktop\project\sumo_emission_project\data\capacity_analysis\volumes\V1800\seed_77\summary.xml
1900,10,90,7199.0,1940,47.5945945945946,70,C:\Users\panavberokhai\Desktop\project\sumo_emission_project\data\capacity_analysis\volumes\V1900\seed_10\summary.xml
1900,13,90,7199.0,1940,47.75675675675676,64,C:\Users\panavberokhai\Desktop\project\sumo_emission_project\data\capacity_analysis\volumes\V1900\seed_13\summary.xml
1900,17,90,7199.0,1940,47.67567567567568,66,C:\Users\panavberokhai\Desktop\project\sumo_emission_project\data\capacity_analysis\volumes\V1900\seed_17\summary.xml
1900,25,90,7199.0,1940,47.67567567567568,66,C:\Users\panavberokhai\Desktop\project\sumo_emission_project\data\capacity_analysis\volumes\V1900\seed_25\summary.xml
1900,37,90,7199.0,1940,47.7027027027027,62,C:\Users\panavberokhai\Desktop\project\sumo_emission_project\data\capacity_analysis\volumes\V1900\seed_37\summary.xml
1900,42,90,7199.0,1940,47.86486486486486,64,C:\Users\panavberokhai\Desktop\project\sumo_emission_project\data\capacity_analysis\volumes\V1900\seed_42\summary.xml
1900,5,90,7199.0,1940,47.729729729729726,64,C:\Users\panavberokhai\Desktop\project\sumo_emission_project\data\capacity_analysis\volumes\V1900\seed_5\summary.xml
1900,50,90,7199.0,1940,47.729729729729726,73,C:\Users\panavberokhai\Desktop\project\sumo_emission_project\data\capacity_analysis\volumes\V1900\seed_50\summary.xml
1900,75,90,7199.0,1940,47.67567567567568,62,C:\Users\panavberokhai\Desktop\project\sumo_emission_project\data\capacity_analysis\volumes\V1900\seed_75\summary.xml
1900,77,90,7199.0,1940,47.86486486486486,66,C:\Users\panavberokhai\Desktop\project\sumo_emission_project\data\capacity_analysis\volumes\V1900\seed_77\summary.xml
2000,10,90,7199.0,2024,50.45945945945946,71,C:\Users\panavberokhai\Desktop\project\sumo_emission_project\data\capacity_analysis\volumes\V2000\seed_10\summary.xml
2000,13,90,7199.0,2024,50.4054054054054,70,C:\Users\panavberokhai\Desktop\project\sumo_emission_project\data\capacity_analysis\volumes\V2000\seed_13\summary.xml
2000,17,90,7199.0,2024,50.351351351351354,69,C:\Users\panavberokhai\Desktop\project\sumo_emission_project\data\capacity_analysis\volumes\V2000\seed_17\summary.xml
2000,25,90,7199.0,2024,50.37837837837838,72,C:\Users\panavberokhai\Desktop\project\sumo_emission_project\data\capacity_analysis\volumes\V2000\seed_25\summary.xml
2000,37,90,7199.0,2024,50.32432432432432,73,C:\Users\panavberokhai\Desktop\project\sumo_emission_project\data\capacity_analysis\volumes\V2000\seed_37\summary.xml
2000,42,90,7199.0,2024,50.37837837837838,72,C:\Users\panavberokhai\Desktop\project\sumo_emission_project\data\capacity_analysis\volumes\V2000\seed_42\summary.xml
2000,5,90,7199.0,2024,50.351351351351354,70,C:\Users\panavberokhai\Desktop\project\sumo_emission_project\data\capacity_analysis\volumes\V2000\seed_5\summary.xml
2000,50,90,7199.0,2024,50.24324324324324,67,C:\Users\panavberokhai\Desktop\project\sumo_emission_project\data\capacity_analysis\volumes\V2000\seed_50\summary.xml
2000,75,90,7199.0,2024,50.24324324324324,66,C:\Users\panavberokhai\Desktop\project\sumo_emission_project\data\capacity_analysis\volumes\V2000\seed_75\summary.xml
2000,77,90,7199.0,2024,50.54054054054054,66,C:\Users\panavberokhai\Desktop\project\sumo_emission_project\data\capacity_analysis\volumes\V2000\seed_77\summary.xml
2100,10,90,7199.0,2140,52.5945945945946,68,C:\Users\panavberokhai\Desktop\project\sumo_emission_project\data\capacity_analysis\volumes\V2100\seed_10\summary.xml
2100,13,90,7199.0,2140,52.810810810810814,66,C:\Users\panavberokhai\Desktop\project\sumo_emission_project\data\capacity_analysis\volumes\V2100\seed_13\summary.xml
2100,17,90,7199.0,2140,52.810810810810814,69,C:\Users\panavberokhai\Desktop\project\sumo_emission_project\data\capacity_analysis\volumes\V2100\seed_17\summary.xml
2100,25,90,7199.0,2140,52.86486486486486,69,C:\Users\panavberokhai\Desktop\project\sumo_emission_project\data\capacity_analysis\volumes\V2100\seed_25\summary.xml
2100,37,90,7199.0,2140,52.648648648648646,65,C:\Users\panavberokhai\Desktop\project\sumo_emission_project\data\capacity_analysis\volumes\V2100\seed_37\summary.xml
2100,42,90,7199.0,2140,52.7027027027027,72,C:\Users\panavberokhai\Desktop\project\sumo_emission_project\data\capacity_analysis\volumes\V2100\seed_42\summary.xml
2100,5,90,7199.0,2140,52.5945945945946,68,C:\Users\panavberokhai\Desktop\project\sumo_emission_project\data\capacity_analysis\volumes\V2100\seed_5\summary.xml
2100,50,90,7199.0,2140,52.75675675675676,69,C:\Users\panavberokhai\Desktop\project\sumo_emission_project\data\capacity_analysis\volumes\V2100\seed_50\summary.xml
2100,75,90,7199.0,2140,52.729729729729726,68,C:\Users\panavberokhai\Desktop\project\sumo_emission_project\data\capacity_analysis\volumes\V2100\seed_75\summary.xml
2100,77,90,7199.0,2140,52.78378378378378,68,C:\Users\panavberokhai\Desktop\project\sumo_emission_project\data\capacity_analysis\volumes\V2100\seed_77\summary.xml
2200,10,90,7199.0,2244,54.86486486486486,81,C:\Users\panavberokhai\Desktop\project\sumo_emission_project\data\capacity_analysis\volumes\V2200\seed_10\summary.xml
2200,13,90,7199.0,2244,55.08108108108108,71,C:\Users\panavberokhai\Desktop\project\sumo_emission_project\data\capacity_analysis\volumes\V2200\seed_13\summary.xml
2200,17,90,7199.0,2244,55.0,72,C:\Users\panavberokhai\Desktop\project\sumo_emission_project\data\capacity_analysis\volumes\V2200\seed_17\summary.xml
2200,25,90,7199.0,2244,54.891891891891895,75,C:\Users\panavberokhai\Desktop\project\sumo_emission_project\data\capacity_analysis\volumes\V2200\seed_25\summary.xml
2200,37,90,7199.0,2244,54.891891891891895,75,C:\Users\panavberokhai\Desktop\project\sumo_emission_project\data\capacity_analysis\volumes\V2200\seed_37\summary.xml
2200,42,90,7199.0,2244,55.16216216216216,77,C:\Users\panavberokhai\Desktop\project\sumo_emission_project\data\capacity_analysis\volumes\V2200\seed_42\summary.xml
2200,5,90,7199.0,2244,55.054054054054056,72,C:\Users\panavberokhai\Desktop\project\sumo_emission_project\data\capacity_analysis\volumes\V2200\seed_5\summary.xml
2200,50,90,7199.0,2244,55.08108108108108,77,C:\Users\panavberokhai\Desktop\project\sumo_emission_project\data\capacity_analysis\volumes\V2200\seed_50\summary.xml
2200,75,90,7199.0,2244,55.054054054054056,77,C:\Users\panavberokhai\Desktop\project\sumo_emission_project\data\capacity_analysis\volumes\V2200\seed_75\summary.xml
2200,77,90,7199.0,2244,55.027027027027025,74,C:\Users\panavberokhai\Desktop\project\sumo_emission_project\data\capacity_analysis\volumes\V2200\seed_77\summary.xml
2300,10,90,7199.0,2332,57.513513513513516,79,C:\Users\panavberokhai\Desktop\project\sumo_emission_project\data\capacity_analysis\volumes\V2300\seed_10\summary.xml
2300,13,90,7199.0,2332,57.486486486486484,77,C:\Users\panavberokhai\Desktop\project\sumo_emission_project\data\capacity_analysis\volumes\V2300\seed_13\summary.xml
2300,17,90,7199.0,2332,57.648648648648646,74,C:\Users\panavberokhai\Desktop\project\sumo_emission_project\data\capacity_analysis\volumes\V2300\seed_17\summary.xml
2300,25,90,7199.0,2332,57.45945945945946,75,C:\Users\panavberokhai\Desktop\project\sumo_emission_project\data\capacity_analysis\volumes\V2300\seed_25\summary.xml
2300,37,90,7199.0,2332,57.486486486486484,77,C:\Users\panavberokhai\Desktop\project\sumo_emission_project\data\capacity_analysis\volumes\V2300\seed_37\summary.xml
2300,42,90,7199.0,2332,57.513513513513516,76,C:\Users\panavberokhai\Desktop\project\sumo_emission_project\data\capacity_analysis\volumes\V2300\seed_42\summary.xml
2300,5,90,7199.0,2332,57.37837837837838,80,C:\Users\panavberokhai\Desktop\project\sumo_emission_project\data\capacity_analysis\volumes\V2300\seed_5\summary.xml
2300,50,90,7199.0,2332,57.486486486486484,73,C:\Users\panavberokhai\Desktop\project\sumo_emission_project\data\capacity_analysis\volumes\V2300\seed_50\summary.xml
2300,75,90,7199.0,2332,57.45945945945946,76,C:\Users\panavberokhai\Desktop\project\sumo_emission_project\data\capacity_analysis\volumes\V2300\seed_75\summary.xml
2300,77,90,7199.0,2332,57.567567567567565,74,C:\Users\panavberokhai\Desktop\project\sumo_emission_project\data\capacity_analysis\volumes\V2300\seed_77\summary.xml
2400,10,90,7199.0,2436,60.027027027027025,76,C:\Users\panavberokhai\Desktop\project\sumo_emission_project\data\capacity_analysis\volumes\V2400\seed_10\summary.xml
2400,13,90,7199.0,2436,60.108108108108105,75,C:\Users\panavberokhai\Desktop\project\sumo_emission_project\data\capacity_analysis\volumes\V2400\seed_13\summary.xml
2400,17,90,7199.0,2436,59.945945945945944,78,C:\Users\panavberokhai\Desktop\project\sumo_emission_project\data\capacity_analysis\volumes\V2400\seed_17\summary.xml
2400,25,90,7199.0,2436,60.027027027027025,73,C:\Users\panavberokhai\Desktop\project\sumo_emission_project\data\capacity_analysis\volumes\V2400\seed_25\summary.xml
2400,37,90,7199.0,2436,60.189189189189186,76,C:\Users\panavberokhai\Desktop\project\sumo_emission_project\data\capacity_analysis\volumes\V2400\seed_37\summary.xml
2400,42,90,7199.0,2436,60.270270270270274,77,C:\Users\panavberokhai\Desktop\project\sumo_emission_project\data\capacity_analysis\volumes\V2400\seed_42\summary.xml
2400,5,90,7199.0,2436,59.945945945945944,76,C:\Users\panavberokhai\Desktop\project\sumo_emission_project\data\capacity_analysis\volumes\V2400\seed_5\summary.xml
2400,50,90,7199.0,2436,60.108108108108105,77,C:\Users\panavberokhai\Desktop\project\sumo_emission_project\data\capacity_analysis\volumes\V2400\seed_50\summary.xml
2400,75,90,7199.0,2436,60.108108108108105,74,C:\Users\panavberokhai\Desktop\project\sumo_emission_project\data\capacity_analysis\volumes\V2400\seed_75\summary.xml
2400,77,90,7199.0,2436,60.08108108108108,74,C:\Users\panavberokhai\Desktop\project\sumo_emission_project\data\capacity_analysis\volumes\V2400\seed_77\summary.xml
2500,10,90,7199.0,2532,62.486486486486484,83,C:\Users\panavberokhai\Desktop\project\sumo_emission_project\data\capacity_analysis\volumes\V2500\seed_10\summary.xml
2500,13,90,7199.0,2532,62.45945945945946,78,C:\Users\panavberokhai\Desktop\project\sumo_emission_project\data\capacity_analysis\volumes\V2500\seed_13\summary.xml
2500,17,90,7199.0,2532,62.37837837837838,80,C:\Users\panavberokhai\Desktop\project\sumo_emission_project\data\capacity_analysis\volumes\V2500\seed_17\summary.xml
2500,25,90,7199.0,2532,62.37837837837838,79,C:\Users\panavberokhai\Desktop\project\sumo_emission_project\data\capacity_analysis\volumes\V2500\seed_25\summary.xml
2500,37,90,7199.0,2532,62.567567567567565,80,C:\Users\panavberokhai\Desktop\project\sumo_emission_project\data\capacity_analysis\volumes\V2500\seed_37\summary.xml
2500,42,90,7199.0,2532,62.432432432432435,80,C:\Users\panavberokhai\Desktop\project\sumo_emission_project\data\capacity_analysis\volumes\V2500\seed_42\summary.xml
2500,5,90,7199.0,2532,62.270270270270274,81,C:\Users\panavberokhai\Desktop\project\sumo_emission_project\data\capacity_analysis\volumes\V2500\seed_5\summary.xml
2500,50,90,7199.0,2532,62.32432432432432,76,C:\Users\panavberokhai\Desktop\project\sumo_emission_project\data\capacity_analysis\volumes\V2500\seed_50\summary.xml
2500,75,90,7199.0,2532,62.2972972972973,80,C:\Users\panavberokhai\Desktop\project\sumo_emission_project\data\capacity_analysis\volumes\V2500\seed_75\summary.xml
2500,77,90,7199.0,2532,62.32432432432432,80,C:\Users\panavberokhai\Desktop\project\sumo_emission_project\data\capacity_analysis\volumes\V2500\seed_77\summary.xml
2600,10,90,7199.0,2652,65.05405405405405,74,C:\Users\panavberokhai\Desktop\project\sumo_emission_project\data\capacity_analysis\volumes\V2600\seed_10\summary.xml
2600,13,90,7199.0,2652,64.91891891891892,75,C:\Users\panavberokhai\Desktop\project\sumo_emission_project\data\capacity_analysis\volumes\V2600\seed_13\summary.xml
2600,17,90,7199.0,2652,64.78378378378379,76,C:\Users\panavberokhai\Desktop\project\sumo_emission_project\data\capacity_analysis\volumes\V2600\seed_17\summary.xml
2600,25,90,7199.0,2652,64.97297297297297,76,C:\Users\panavberokhai\Desktop\project\sumo_emission_project\data\capacity_analysis\volumes\V2600\seed_25\summary.xml
2600,37,90,7199.0,2652,65.08108108108108,74,C:\Users\panavberokhai\Desktop\project\sumo_emission_project\data\capacity_analysis\volumes\V2600\seed_37\summary.xml
2600,42,90,7199.0,2652,64.94594594594595,75,C:\Users\panavberokhai\Desktop\project\sumo_emission_project\data\capacity_analysis\volumes\V2600\seed_42\summary.xml
2600,5,90,7199.0,2652,64.83783783783784,74,C:\Users\panavberokhai\Desktop\project\sumo_emission_project\data\capacity_analysis\volumes\V2600\seed_5\summary.xml
2600,50,90,7199.0,2652,64.97297297297297,74,C:\Users\panavberokhai\Desktop\project\sumo_emission_project\data\capacity_analysis\volumes\V2600\seed_50\summary.xml
2600,75,90,7199.0,2652,64.78378378378379,75,C:\Users\panavberokhai\Desktop\project\sumo_emission_project\data\capacity_analysis\volumes\V2600\seed_75\summary.xml
2600,77,90,7199.0,2652,64.75675675675676,77,C:\Users\panavberokhai\Desktop\project\sumo_emission_project\data\capacity_analysis\volumes\V2600\seed_77\summary.xml
2700,10,90,7199.0,2740,67.48648648648648,82,C:\Users\panavberokhai\Desktop\project\sumo_emission_project\data\capacity_analysis\volumes\V2700\seed_10\summary.xml
2700,13,90,7199.0,2740,67.48648648648648,82,C:\Users\panavberokhai\Desktop\project\sumo_emission_project\data\capacity_analysis\volumes\V2700\seed_13\summary.xml
2700,17,90,7199.0,2740,67.48648648648648,81,C:\Users\panavberokhai\Desktop\project\sumo_emission_project\data\capacity_analysis\volumes\V2700\seed_17\summary.xml
2700,25,90,7199.0,2740,67.35135135135135,80,C:\Users\panavberokhai\Desktop\project\sumo_emission_project\data\capacity_analysis\volumes\V2700\seed_25\summary.xml
2700,37,90,7199.0,2740,67.78378378378379,82,C:\Users\panavberokhai\Desktop\project\sumo_emission_project\data\capacity_analysis\volumes\V2700\seed_37\summary.xml
2700,42,90,7199.0,2740,67.51351351351352,81,C:\Users\panavberokhai\Desktop\project\sumo_emission_project\data\capacity_analysis\volumes\V2700\seed_42\summary.xml
2700,5,90,7199.0,2740,67.5945945945946,84,C:\Users\panavberokhai\Desktop\project\sumo_emission_project\data\capacity_analysis\volumes\V2700\seed_5\summary.xml
2700,50,90,7199.0,2740,67.62162162162163,78,C:\Users\panavberokhai\Desktop\project\sumo_emission_project\data\capacity_analysis\volumes\V2700\seed_50\summary.xml
2700,75,90,7199.0,2740,67.35135135135135,79,C:\Users\panavberokhai\Desktop\project\sumo_emission_project\data\capacity_analysis\volumes\V2700\seed_75\summary.xml
2700,77,90,7199.0,2740,67.54054054054055,79,C:\Users\panavberokhai\Desktop\project\sumo_emission_project\data\capacity_analysis\volumes\V2700\seed_77\summary.xml
2800,10,90,7199.0,2840,69.91891891891892,79,C:\Users\panavberokhai\Desktop\project\sumo_emission_project\data\capacity_analysis\volumes\V2800\seed_10\summary.xml
2800,13,90,7199.0,2840,70.13513513513513,82,C:\Users\panavberokhai\Desktop\project\sumo_emission_project\data\capacity_analysis\volumes\V2800\seed_13\summary.xml
2800,17,90,7199.0,2840,69.94594594594595,78,C:\Users\panavberokhai\Desktop\project\sumo_emission_project\data\capacity_analysis\volumes\V2800\seed_17\summary.xml
2800,25,90,7199.0,2840,69.97297297297297,81,C:\Users\panavberokhai\Desktop\project\sumo_emission_project\data\capacity_analysis\volumes\V2800\seed_25\summary.xml
2800,37,90,7199.0,2840,70.0,82,C:\Users\panavberokhai\Desktop\project\sumo_emission_project\data\capacity_analysis\volumes\V2800\seed_37\summary.xml
2800,42,90,7199.0,2840,70.16216216216216,82,C:\Users\panavberokhai\Desktop\project\sumo_emission_project\data\capacity_analysis\volumes\V2800\seed_42\summary.xml
2800,5,90,7199.0,2840,69.91891891891892,82,C:\Users\panavberokhai\Desktop\project\sumo_emission_project\data\capacity_analysis\volumes\V2800\seed_5\summary.xml
2800,50,90,7199.0,2840,69.97297297297297,80,C:\Users\panavberokhai\Desktop\project\sumo_emission_project\data\capacity_analysis\volumes\V2800\seed_50\summary.xml
2800,75,90,7199.0,2840,69.91891891891892,83,C:\Users\panavberokhai\Desktop\project\sumo_emission_project\data\capacity_analysis\volumes\V2800\seed_75\summary.xml
2800,77,90,7199.0,2840,69.94594594594595,81,C:\Users\panavberokhai\Desktop\project\sumo_emission_project\data\capacity_analysis\volumes\V2800\seed_77\summary.xml
2900,10,90,7199.0,2936,72.43243243243244,83,C:\Users\panavberokhai\Desktop\project\sumo_emission_project\data\capacity_analysis\volumes\V2900\seed_10\summary.xml
2900,13,90,7199.0,2936,72.43243243243244,87,C:\Users\panavberokhai\Desktop\project\sumo_emission_project\data\capacity_analysis\volumes\V2900\seed_13\summary.xml
2900,17,90,7199.0,2936,72.54054054054055,84,C:\Users\panavberokhai\Desktop\project\sumo_emission_project\data\capacity_analysis\volumes\V2900\seed_17\summary.xml
2900,25,90,7199.0,2936,72.5945945945946,81,C:\Users\panavberokhai\Desktop\project\sumo_emission_project\data\capacity_analysis\volumes\V2900\seed_25\summary.xml
2900,37,90,7199.0,2936,72.4054054054054,85,C:\Users\panavberokhai\Desktop\project\sumo_emission_project\data\capacity_analysis\volumes\V2900\seed_37\summary.xml
2900,42,90,7199.0,2936,72.45945945945945,83,C:\Users\panavberokhai\Desktop\project\sumo_emission_project\data\capacity_analysis\volumes\V2900\seed_42\summary.xml
2900,5,90,7199.0,2936,72.48648648648648,83,C:\Users\panavberokhai\Desktop\project\sumo_emission_project\data\capacity_analysis\volumes\V2900\seed_5\summary.xml
2900,50,90,7199.0,2936,72.54054054054055,84,C:\Users\panavberokhai\Desktop\project\sumo_emission_project\data\capacity_analysis\volumes\V2900\seed_50\summary.xml
2900,75,90,7199.0,2936,72.1891891891892,83,C:\Users\panavberokhai\Desktop\project\sumo_emission_project\data\capacity_analysis\volumes\V2900\seed_75\summary.xml
2900,77,90,7199.0,2936,72.35135135135135,80,C:\Users\panavberokhai\Desktop\project\sumo_emission_project\data\capacity_analysis\volumes\V2900\seed_77\summary.xml
3000,10,90,7199.0,3020,75.05405405405405,86,C:\Users\panavberokhai\Desktop\project\sumo_emission_project\data\capacity_analysis\volumes\V3000\seed_10\summary.xml
3000,13,90,7199.0,3020,75.10810810810811,88,C:\Users\panavberokhai\Desktop\project\sumo_emission_project\data\capacity_analysis\volumes\V3000\seed_13\summary.xml
3000,17,90,7199.0,3020,75.08108108108108,80,C:\Users\panavberokhai\Desktop\project\sumo_emission_project\data\capacity_analysis\volumes\V3000\seed_17\summary.xml
3000,25,90,7199.0,3020,75.21621621621621,83,C:\Users\panavberokhai\Desktop\project\sumo_emission_project\data\capacity_analysis\volumes\V3000\seed_25\summary.xml
3000,37,90,7199.0,3020,75.0,84,C:\Users\panavberokhai\Desktop\project\sumo_emission_project\data\capacity_analysis\volumes\V3000\seed_37\summary.xml
3000,42,90,7199.0,3020,74.97297297297297,85,C:\Users\panavberokhai\Desktop\project\sumo_emission_project\data\capacity_analysis\volumes\V3000\seed_42\summary.xml
3000,5,90,7199.0,3020,75.1891891891892,83,C:\Users\panavberokhai\Desktop\project\sumo_emission_project\data\capacity_analysis\volumes\V3000\seed_5\summary.xml
3000,50,90,7199.0,3020,74.78378378378379,87,C:\Users\panavberokhai\Desktop\project\sumo_emission_project\data\capacity_analysis\volumes\V3000\seed_50\summary.xml
3000,75,90,7199.0,3020,74.91891891891892,85,C:\Users\panavberokhai\Desktop\project\sumo_emission_project\data\capacity_analysis\volumes\V3000\seed_75\summary.xml
3000,77,90,7199.0,3020,74.86486486486487,86,C:\Users\panavberokhai\Desktop\project\sumo_emission_project\data\capacity_analysis\volumes\V3000\seed_77\summary.xml
3100,10,90,7199.0,3144,77.4054054054054,85,C:\Users\panavberokhai\Desktop\project\sumo_emission_project\data\capacity_analysis\volumes\V3100\seed_10\summary.xml
3100,13,90,7199.0,3144,77.4054054054054,86,C:\Users\panavberokhai\Desktop\project\sumo_emission_project\data\capacity_analysis\volumes\V3100\seed_13\summary.xml
3100,17,90,7199.0,3144,77.1891891891892,87,C:\Users\panavberokhai\Desktop\project\sumo_emission_project\data\capacity_analysis\volumes\V3100\seed_17\summary.xml
3100,25,90,7199.0,3144,77.37837837837837,87,C:\Users\panavberokhai\Desktop\project\sumo_emission_project\data\capacity_analysis\volumes\V3100\seed_25\summary.xml
3100,37,90,7199.0,3144,77.45945945945945,84,C:\Users\panavberokhai\Desktop\project\sumo_emission_project\data\capacity_analysis\volumes\V3100\seed_37\summary.xml
3100,42,90,7199.0,3144,77.37837837837837,87,C:\Users\panavberokhai\Desktop\project\sumo_emission_project\data\capacity_analysis\volumes\V3100\seed_42\summary.xml
3100,5,90,7199.0,3144,77.45945945945945,85,C:\Users\panavberokhai\Desktop\project\sumo_emission_project\data\capacity_analysis\volumes\V3100\seed_5\summary.xml
3100,50,90,7199.0,3144,77.32432432432432,88,C:\Users\panavberokhai\Desktop\project\sumo_emission_project\data\capacity_analysis\volumes\V3100\seed_50\summary.xml
3100,75,90,7199.0,3144,77.24324324324324,90,C:\Users\panavberokhai\Desktop\project\sumo_emission_project\data\capacity_analysis\volumes\V3100\seed_75\summary.xml
3100,77,90,7199.0,3144,77.48648648648648,87,C:\Users\panavberokhai\Desktop\project\sumo_emission_project\data\capacity_analysis\volumes\V3100\seed_77\summary.xml
3200,10,90,7199.0,3232,79.21621621621621,89,C:\Users\panavberokhai\Desktop\project\sumo_emission_project\data\capacity_analysis\volumes\V3200\seed_10\summary.xml
3200,13,90,7199.0,3232,79.43243243243244,88,C:\Users\panavberokhai\Desktop\project\sumo_emission_project\data\capacity_analysis\volumes\V3200\seed_13\summary.xml
3200,17,90,7199.0,3232,79.02702702702703,87,C:\Users\panavberokhai\Desktop\project\sumo_emission_project\data\capacity_analysis\volumes\V3200\seed_17\summary.xml
3200,25,90,7199.0,3232,79.10810810810811,89,C:\Users\panavberokhai\Desktop\project\sumo_emission_project\data\capacity_analysis\volumes\V3200\seed_25\summary.xml
3200,37,90,7199.0,3232,79.21621621621621,87,C:\Users\panavberokhai\Desktop\project\sumo_emission_project\data\capacity_analysis\volumes\V3200\seed_37\summary.xml
3200,42,90,7199.0,3232,78.94594594594595,86,C:\Users\panavberokhai\Desktop\project\sumo_emission_project\data\capacity_analysis\volumes\V3200\seed_42\summary.xml
3200,5,90,7199.0,3232,79.10810810810811,85,C:\Users\panavberokhai\Desktop\project\sumo_emission_project\data\capacity_analysis\volumes\V3200\seed_5\summary.xml
3200,50,90,7199.0,3232,79.24324324324324,87,C:\Users\panavberokhai\Desktop\project\sumo_emission_project\data\capacity_analysis\volumes\V3200\seed_50\summary.xml
3200,75,90,7199.0,3232,79.27027027027027,85,C:\Users\panavberokhai\Desktop\project\sumo_emission_project\data\capacity_analysis\volumes\V3200\seed_75\summary.xml
3200,77,90,7199.0,3232,79.37837837837837,88,C:\Users\panavberokhai\Desktop\project\sumo_emission_project\data\capacity_analysis\volumes\V3200\seed_77\summary.xml
3300,10,90,7199.0,3336,80.70270270270271,90,C:\Users\panavberokhai\Desktop\project\sumo_emission_project\data\capacity_analysis\volumes\V3300\seed_10\summary.xml
3300,13,90,7199.0,3336,80.05405405405405,88,C:\Users\panavberokhai\Desktop\project\sumo_emission_project\data\capacity_analysis\volumes\V3300\seed_13\summary.xml
3300,17,90,7199.0,3336,80.91891891891892,92,C:\Users\panavberokhai\Desktop\project\sumo_emission_project\data\capacity_analysis\volumes\V3300\seed_17\summary.xml
3300,25,90,7199.0,3336,80.13513513513513,88,C:\Users\panavberokhai\Desktop\project\sumo_emission_project\data\capacity_analysis\volumes\V3300\seed_25\summary.xml
3300,37,90,7199.0,3336,80.48648648648648,87,C:\Users\panavberokhai\Desktop\project\sumo_emission_project\data\capacity_analysis\volumes\V3300\seed_37\summary.xml
3300,42,90,7199.0,3336,80.05405405405405,88,C:\Users\panavberokhai\Desktop\project\sumo_emission_project\data\capacity_analysis\volumes\V3300\seed_42\summary.xml
3300,5,90,7199.0,3336,80.94594594594595,90,C:\Users\panavberokhai\Desktop\project\sumo_emission_project\data\capacity_analysis\volumes\V3300\seed_5\summary.xml
3300,50,90,7199.0,3336,80.64864864864865,91,C:\Users\panavberokhai\Desktop\project\sumo_emission_project\data\capacity_analysis\volumes\V3300\seed_50\summary.xml
3300,75,90,7199.0,3336,80.32432432432432,88,C:\Users\panavberokhai\Desktop\project\sumo_emission_project\data\capacity_analysis\volumes\V3300\seed_75\summary.xml
3300,77,90,7199.0,3336,79.64864864864865,90,C:\Users\panavberokhai\Desktop\project\sumo_emission_project\data\capacity_analysis\volumes\V3300\seed_77\summary.xml
3400,10,90,7199.0,3428,80.51351351351352,90,C:\Users\panavberokhai\Desktop\project\sumo_emission_project\data\capacity_analysis\volumes\V3400\seed_10\summary.xml
3400,13,90,7199.0,3428,81.05405405405405,89,C:\Users\panavberokhai\Desktop\project\sumo_emission_project\data\capacity_analysis\volumes\V3400\seed_13\summary.xml
3400,17,90,7199.0,3428,81.02702702702703,91,C:\Users\panavberokhai\Desktop\project\sumo_emission_project\data\capacity_analysis\volumes\V3400\seed_17\summary.xml
3400,25,90,7199.0,3428,81.27027027027027,90,C:\Users\panavberokhai\Desktop\project\sumo_emission_project\data\capacity_analysis\volumes\V3400\seed_25\summary.xml
3400,37,90,7199.0,3428,81.13513513513513,91,C:\Users\panavberokhai\Desktop\project\sumo_emission_project\data\capacity_analysis\volumes\V3400\seed_37\summary.xml
3400,42,90,7199.0,3428,81.10810810810811,88,C:\Users\panavberokhai\Desktop\project\sumo_emission_project\data\capacity_analysis\volumes\V3400\seed_42\summary.xml
3400,5,90,7199.0,3428,80.72972972972973,89,C:\Users\panavberokhai\Desktop\project\sumo_emission_project\data\capacity_analysis\volumes\V3400\seed_5\summary.xml
3400,50,90,7199.0,3428,80.86486486486487,88,C:\Users\panavberokhai\Desktop\project\sumo_emission_project\data\capacity_analysis\volumes\V3400\seed_50\summary.xml
3400,75,90,7199.0,3428,81.0,91,C:\Users\panavberokhai\Desktop\project\sumo_emission_project\data\capacity_analysis\volumes\V3400\seed_75\summary.xml
3400,77,90,7199.0,3428,80.97297297297297,91,C:\Users\panavberokhai\Desktop\project\sumo_emission_project\data\capacity_analysis\volumes\V3400\seed_77\summary.xml
3500,10,90,7199.0,3532,81.51351351351352,95,C:\Users\panavberokhai\Desktop\project\sumo_emission_project\data\capacity_analysis\volumes\V3500\seed_10\summary.xml
3500,13,90,7199.0,3532,81.91891891891892,88,C:\Users\panavberokhai\Desktop\project\sumo_emission_project\data\capacity_analysis\volumes\V3500\seed_13\summary.xml
3500,17,90,7199.0,3532,81.48648648648648,93,C:\Users\panavberokhai\Desktop\project\sumo_emission_project\data\capacity_analysis\volumes\V3500\seed_17\summary.xml
3500,25,90,7199.0,3532,82.35135135135135,89,C:\Users\panavberokhai\Desktop\project\sumo_emission_project\data\capacity_analysis\volumes\V3500\seed_25\summary.xml
3500,37,90,7199.0,3532,82.0,89,C:\Users\panavberokhai\Desktop\project\sumo_emission_project\data\capacity_analysis\volumes\V3500\seed_37\summary.xml
3500,42,90,7199.0,3532,82.29729729729729,89,C:\Users\panavberokhai\Desktop\project\sumo_emission_project\data\capacity_analysis\volumes\V3500\seed_42\summary.xml
3500,5,90,7199.0,3532,81.72972972972973,93,C:\Users\panavberokhai\Desktop\project\sumo_emission_project\data\capacity_analysis\volumes\V3500\seed_5\summary.xml
3500,50,90,7199.0,3532,82.21621621621621,87,C:\Users\panavberokhai\Desktop\project\sumo_emission_project\data\capacity_analysis\volumes\V3500\seed_50\summary.xml
3500,75,90,7199.0,3532,82.16216216216216,93,C:\Users\panavberokhai\Desktop\project\sumo_emission_project\data\capacity_analysis\volumes\V3500\seed_75\summary.xml
3500,77,90,7199.0,3532,82.91891891891892,95,C:\Users\panavberokhai\Desktop\project\sumo_emission_project\data\capacity_analysis\volumes\V3500\seed_77\summary.xml
3600,10,90,7199.0,3636,82.37837837837837,91,C:\Users\panavberokhai\Desktop\project\sumo_emission_project\data\capacity_analysis\volumes\V3600\seed_10\summary.xml
3600,13,90,7199.0,3636,82.83783783783784,92,C:\Users\panavberokhai\Desktop\project\sumo_emission_project\data\capacity_analysis\volumes\V3600\seed_13\summary.xml
3600,17,90,7199.0,3636,82.86486486486487,89,C:\Users\panavberokhai\Desktop\project\sumo_emission_project\data\capacity_analysis\volumes\V3600\seed_17\summary.xml
3600,25,90,7199.0,3636,81.72972972972973,92,C:\Users\panavberokhai\Desktop\project\sumo_emission_project\data\capacity_analysis\volumes\V3600\seed_25\summary.xml
3600,37,90,7199.0,3636,82.72972972972973,92,C:\Users\panavberokhai\Desktop\project\sumo_emission_project\data\capacity_analysis\volumes\V3600\seed_37\summary.xml
3600,42,90,7199.0,3636,82.48648648648648,92,C:\Users\panavberokhai\Desktop\project\sumo_emission_project\data\capacity_analysis\volumes\V3600\seed_42\summary.xml
3600,5,90,7199.0,3636,82.62162162162163,94,C:\Users\panavberokhai\Desktop\project\sumo_emission_project\data\capacity_analysis\volumes\V3600\seed_5\summary.xml
3600,50,90,7199.0,3636,82.45945945945945,96,C:\Users\panavberokhai\Desktop\project\sumo_emission_project\data\capacity_analysis\volumes\V3600\seed_50\summary.xml
3600,75,90,7199.0,3636,82.29729729729729,97,C:\Users\panavberokhai\Desktop\project\sumo_emission_project\data\capacity_analysis\volumes\V3600\seed_75\summary.xml
3600,77,90,7199.0,3636,82.08108108108108,89,C:\Users\panavberokhai\Desktop\project\sumo_emission_project\data\capacity_analysis\volumes\V3600\seed_77\summary.xml
3700,10,90,7199.0,3732,83.62162162162163,94,C:\Users\panavberokhai\Desktop\project\sumo_emission_project\data\capacity_analysis\volumes\V3700\seed_10\summary.xml
3700,13,90,7199.0,3732,83.05405405405405,90,C:\Users\panavberokhai\Desktop\project\sumo_emission_project\data\capacity_analysis\volumes\V3700\seed_13\summary.xml
3700,17,90,7199.0,3732,82.64864864864865,96,C:\Users\panavberokhai\Desktop\project\sumo_emission_project\data\capacity_analysis\volumes\V3700\seed_17\summary.xml
3700,25,90,7199.0,3732,83.75675675675676,92,C:\Users\panavberokhai\Desktop\project\sumo_emission_project\data\capacity_analysis\volumes\V3700\seed_25\summary.xml
3700,37,90,7199.0,3732,83.94594594594595,93,C:\Users\panavberokhai\Desktop\project\sumo_emission_project\data\capacity_analysis\volumes\V3700\seed_37\summary.xml
3700,42,90,7199.0,3732,83.43243243243244,96,C:\Users\panavberokhai\Desktop\project\sumo_emission_project\data\capacity_analysis\volumes\V3700\seed_42\summary.xml
3700,5,90,7199.0,3732,83.24324324324324,90,C:\Users\panavberokhai\Desktop\project\sumo_emission_project\data\capacity_analysis\volumes\V3700\seed_5\summary.xml
3700,50,90,7199.0,3732,83.48648648648648,93,C:\Users\panavberokhai\Desktop\project\sumo_emission_project\data\capacity_analysis\volumes\V3700\seed_50\summary.xml
3700,75,90,7199.0,3732,82.72972972972973,94,C:\Users\panavberokhai\Desktop\project\sumo_emission_project\data\capacity_analysis\volumes\V3700\seed_75\summary.xml
3700,77,90,7199.0,3732,82.67567567567568,90,C:\Users\panavberokhai\Desktop\project\sumo_emission_project\data\capacity_analysis\volumes\V3700\seed_77\summary.xml
3800,10,90,7199.0,3844,84.67567567567568,94,C:\Users\panavberokhai\Desktop\project\sumo_emission_project\data\capacity_analysis\volumes\V3800\seed_10\summary.xml
3800,13,90,7199.0,3844,83.89189189189189,94,C:\Users\panavberokhai\Desktop\project\sumo_emission_project\data\capacity_analysis\volumes\V3800\seed_13\summary.xml
3800,17,90,7199.0,3844,84.1891891891892,93,C:\Users\panavberokhai\Desktop\project\sumo_emission_project\data\capacity_analysis\volumes\V3800\seed_17\summary.xml
3800,25,90,7199.0,3844,83.86486486486487,96,C:\Users\panavberokhai\Desktop\project\sumo_emission_project\data\capacity_analysis\volumes\V3800\seed_25\summary.xml
3800,37,90,7199.0,3844,83.10810810810811,92,C:\Users\panavberokhai\Desktop\project\sumo_emission_project\data\capacity_analysis\volumes\V3800\seed_37\summary.xml
3800,42,90,7199.0,3844,83.56756756756756,89,C:\Users\panavberokhai\Desktop\project\sumo_emission_project\data\capacity_analysis\volumes\V3800\seed_42\summary.xml
3800,5,90,7199.0,3844,84.02702702702703,91,C:\Users\panavberokhai\Desktop\project\sumo_emission_project\data\capacity_analysis\volumes\V3800\seed_5\summary.xml
3800,50,90,7199.0,3844,83.67567567567568,93,C:\Users\panavberokhai\Desktop\project\sumo_emission_project\data\capacity_analysis\volumes\V3800\seed_50\summary.xml
3800,75,90,7199.0,3844,84.4054054054054,91,C:\Users\panavberokhai\Desktop\project\sumo_emission_project\data\capacity_analysis\volumes\V3800\seed_75\summary.xml
3800,77,90,7199.0,3844,83.51351351351352,93,C:\Users\panavberokhai\Desktop\project\sumo_emission_project\data\capacity_analysis\volumes\V3800\seed_77\summary.xml
3900,10,90,7199.0,3940,84.5945945945946,92,C:\Users\panavberokhai\Desktop\project\sumo_emission_project\data\capacity_analysis\volumes\V3900\seed_10\summary.xml
3900,13,90,7199.0,3940,84.51351351351352,93,C:\Users\panavberokhai\Desktop\project\sumo_emission_project\data\capacity_analysis\volumes\V3900\seed_13\summary.xml
3900,17,90,7199.0,3940,84.89189189189189,93,C:\Users\panavberokhai\Desktop\project\sumo_emission_project\data\capacity_analysis\volumes\V3900\seed_17\summary.xml
3900,25,90,7199.0,3940,84.4054054054054,97,C:\Users\panavberokhai\Desktop\project\sumo_emission_project\data\capacity_analysis\volumes\V3900\seed_25\summary.xml
3900,37,90,7199.0,3940,84.37837837837837,93,C:\Users\panavberokhai\Desktop\project\sumo_emission_project\data\capacity_analysis\volumes\V3900\seed_37\summary.xml
3900,42,90,7199.0,3940,84.70270270270271,93,C:\Users\panavberokhai\Desktop\project\sumo_emission_project\data\capacity_analysis\volumes\V3900\seed_42\summary.xml
3900,5,90,7199.0,3940,84.27027027027027,92,C:\Users\panavberokhai\Desktop\project\sumo_emission_project\data\capacity_analysis\volumes\V3900\seed_5\summary.xml
3900,50,90,7199.0,3940,85.0,94,C:\Users\panavberokhai\Desktop\project\sumo_emission_project\data\capacity_analysis\volumes\V3900\seed_50\summary.xml
3900,75,90,7199.0,3940,84.51351351351352,96,C:\Users\panavberokhai\Desktop\project\sumo_emission_project\data\capacity_analysis\volumes\V3900\seed_75\summary.xml
3900,77,90,7199.0,3940,84.64864864864865,93,C:\Users\panavberokhai\Desktop\project\sumo_emission_project\data\capacity_analysis\volumes\V3900\seed_77\summary.xml
4000,10,90,7199.0,4024,85.16216216216216,92,C:\Users\panavberokhai\Desktop\project\sumo_emission_project\data\capacity_analysis\volumes\V4000\seed_10\summary.xml
4000,13,90,7199.0,4024,84.86486486486487,94,C:\Users\panavberokhai\Desktop\project\sumo_emission_project\data\capacity_analysis\volumes\V4000\seed_13\summary.xml
4000,17,90,7199.0,4024,84.62162162162163,91,C:\Users\panavberokhai\Desktop\project\sumo_emission_project\data\capacity_analysis\volumes\V4000\seed_17\summary.xml
4000,25,90,7199.0,4024,85.27027027027027,95,C:\Users\panavberokhai\Desktop\project\sumo_emission_project\data\capacity_analysis\volumes\V4000\seed_25\summary.xml
4000,37,90,7199.0,4024,85.24324324324324,94,C:\Users\panavberokhai\Desktop\project\sumo_emission_project\data\capacity_analysis\volumes\V4000\seed_37\summary.xml
4000,42,90,7199.0,4024,85.86486486486487,97,C:\Users\panavberokhai\Desktop\project\sumo_emission_project\data\capacity_analysis\volumes\V4000\seed_42\summary.xml
4000,5,90,7199.0,4024,85.64864864864865,97,C:\Users\panavberokhai\Desktop\project\sumo_emission_project\data\capacity_analysis\volumes\V4000\seed_5\summary.xml
4000,50,90,7199.0,4024,85.70270270270271,92,C:\Users\panavberokhai\Desktop\project\sumo_emission_project\data\capacity_analysis\volumes\V4000\seed_50\summary.xml
4000,75,90,7199.0,4024,84.29729729729729,93,C:\Users\panavberokhai\Desktop\project\sumo_emission_project\data\capacity_analysis\volumes\V4000\seed_75\summary.xml
4000,77,90,7199.0,4024,85.24324324324324,93,C:\Users\panavberokhai\Desktop\project\sumo_emission_project\data\capacity_analysis\volumes\V4000\seed_77\summary.xml
4100,10,90,7199.0,4140,85.8108108108108,94,C:\Users\panavberokhai\Desktop\project\sumo_emission_project\data\capacity_analysis\volumes\V4100\seed_10\summary.xml
4100,13,90,7199.0,4140,85.75675675675676,94,C:\Users\panavberokhai\Desktop\project\sumo_emission_project\data\capacity_analysis\volumes\V4100\seed_13\summary.xml
4100,17,90,7199.0,4140,85.72972972972973,94,C:\Users\panavberokhai\Desktop\project\sumo_emission_project\data\capacity_analysis\volumes\V4100\seed_17\summary.xml
4100,25,90,7199.0,4140,86.8108108108108,95,C:\Users\panavberokhai\Desktop\project\sumo_emission_project\data\capacity_analysis\volumes\V4100\seed_25\summary.xml
4100,37,90,7199.0,4140,85.97297297297297,95,C:\Users\panavberokhai\Desktop\project\sumo_emission_project\data\capacity_analysis\volumes\V4100\seed_37\summary.xml
4100,42,90,7199.0,4140,86.35135135135135,95,C:\Users\panavberokhai\Desktop\project\sumo_emission_project\data\capacity_analysis\volumes\V4100\seed_42\summary.xml
4100,5,90,7199.0,4140,86.16216216216216,95,C:\Users\panavberokhai\Desktop\project\sumo_emission_project\data\capacity_analysis\volumes\V4100\seed_5\summary.xml
4100,50,90,7199.0,4140,86.29729729729729,95,C:\Users\panavberokhai\Desktop\project\sumo_emission_project\data\capacity_analysis\volumes\V4100\seed_50\summary.xml
4100,75,90,7199.0,4140,85.91891891891892,92,C:\Users\panavberokhai\Desktop\project\sumo_emission_project\data\capacity_analysis\volumes\V4100\seed_75\summary.xml
4100,77,90,7199.0,4140,84.78378378378379,95,C:\Users\panavberokhai\Desktop\project\sumo_emission_project\data\capacity_analysis\volumes\V4100\seed_77\summary.xml
4200,10,90,7199.0,4240,86.02702702702703,94,C:\Users\panavberokhai\Desktop\project\sumo_emission_project\data\capacity_analysis\volumes\V4200\seed_10\summary.xml
4200,13,90,7199.0,4240,86.32432432432432,95,C:\Users\panavberokhai\Desktop\project\sumo_emission_project\data\capacity_analysis\volumes\V4200\seed_13\summary.xml
4200,17,90,7199.0,4240,86.86486486486487,94,C:\Users\panavberokhai\Desktop\project\sumo_emission_project\data\capacity_analysis\volumes\V4200\seed_17\summary.xml
4200,25,90,7199.0,4240,86.4054054054054,94,C:\Users\panavberokhai\Desktop\project\sumo_emission_project\data\capacity_analysis\volumes\V4200\seed_25\summary.xml
4200,37,90,7199.0,4240,86.72972972972973,93,C:\Users\panavberokhai\Desktop\project\sumo_emission_project\data\capacity_analysis\volumes\V4200\seed_37\summary.xml
4200,42,90,7199.0,4240,86.35135135135135,96,C:\Users\panavberokhai\Desktop\project\sumo_emission_project\data\capacity_analysis\volumes\V4200\seed_42\summary.xml
4200,5,90,7199.0,4240,86.45945945945945,94,C:\Users\panavberokhai\Desktop\project\sumo_emission_project\data\capacity_analysis\volumes\V4200\seed_5\summary.xml
4200,50,90,7199.0,4240,86.08108108108108,97,C:\Users\panavberokhai\Desktop\project\sumo_emission_project\data\capacity_analysis\volumes\V4200\seed_50\summary.xml
4200,75,90,7199.0,4240,86.35135135135135,95,C:\Users\panavberokhai\Desktop\project\sumo_emission_project\data\capacity_analysis\volumes\V4200\seed_75\summary.xml
4200,77,90,7199.0,4240,85.32432432432432,92,C:\Users\panavberokhai\Desktop\project\sumo_emission_project\data\capacity_analysis\volumes\V4200\seed_77\summary.xml
4300,10,90,7199.0,4340,85.62162162162163,94,C:\Users\panavberokhai\Desktop\project\sumo_emission_project\data\capacity_analysis\volumes\V4300\seed_10\summary.xml
4300,13,90,7199.0,4340,86.62162162162163,97,C:\Users\panavberokhai\Desktop\project\sumo_emission_project\data\capacity_analysis\volumes\V4300\seed_13\summary.xml
4300,17,90,7199.0,4340,86.29729729729729,96,C:\Users\panavberokhai\Desktop\project\sumo_emission_project\data\capacity_analysis\volumes\V4300\seed_17\summary.xml
4300,25,90,7199.0,4340,86.48648648648648,97,C:\Users\panavberokhai\Desktop\project\sumo_emission_project\data\capacity_analysis\volumes\V4300\seed_25\summary.xml
4300,37,90,7199.0,4340,86.1891891891892,99,C:\Users\panavberokhai\Desktop\project\sumo_emission_project\data\capacity_analysis\volumes\V4300\seed_37\summary.xml
4300,42,90,7199.0,4340,86.02702702702703,98,C:\Users\panavberokhai\Desktop\project\sumo_emission_project\data\capacity_analysis\volumes\V4300\seed_42\summary.xml
4300,5,90,7199.0,4340,86.4054054054054,94,C:\Users\panavberokhai\Desktop\project\sumo_emission_project\data\capacity_analysis\volumes\V4300\seed_5\summary.xml
4300,50,90,7199.0,4340,86.67567567567568,93,C:\Users\panavberokhai\Desktop\project\sumo_emission_project\data\capacity_analysis\volumes\V4300\seed_50\summary.xml
4300,75,90,7199.0,4340,86.08108108108108,91,C:\Users\panavberokhai\Desktop\project\sumo_emission_project\data\capacity_analysis\volumes\V4300\seed_75\summary.xml
4300,77,90,7199.0,4340,86.51351351351352,97,C:\Users\panavberokhai\Desktop\project\sumo_emission_project\data\capacity_analysis\volumes\V4300\seed_77\summary.xml
4400,10,90,7199.0,4448,87.05405405405405,97,C:\Users\panavberokhai\Desktop\project\sumo_emission_project\data\capacity_analysis\volumes\V4400\seed_10\summary.xml
4400,13,90,7199.0,4448,87.02702702702703,95,C:\Users\panavberokhai\Desktop\project\sumo_emission_project\data\capacity_analysis\volumes\V4400\seed_13\summary.xml
4400,17,90,7199.0,4448,86.37837837837837,92,C:\Users\panavberokhai\Desktop\project\sumo_emission_project\data\capacity_analysis\volumes\V4400\seed_17\summary.xml
4400,25,90,7199.0,4448,87.35135135135135,96,C:\Users\panavberokhai\Desktop\project\sumo_emission_project\data\capacity_analysis\volumes\V4400\seed_25\summary.xml
4400,37,90,7199.0,4448,86.70270270270271,96,C:\Users\panavberokhai\Desktop\project\sumo_emission_project\data\capacity_analysis\volumes\V4400\seed_37\summary.xml
4400,42,90,7199.0,4448,87.51351351351352,94,C:\Users\panavberokhai\Desktop\project\sumo_emission_project\data\capacity_analysis\volumes\V4400\seed_42\summary.xml
4400,5,90,7199.0,4448,87.27027027027027,94,C:\Users\panavberokhai\Desktop\project\sumo_emission_project\data\capacity_analysis\volumes\V4400\seed_5\summary.xml
4400,50,90,7199.0,4448,86.86486486486487,93,C:\Users\panavberokhai\Desktop\project\sumo_emission_project\data\capacity_analysis\volumes\V4400\seed_50\summary.xml
4400,75,90,7199.0,4448,87.37837837837837,94,C:\Users\panavberokhai\Desktop\project\sumo_emission_project\data\capacity_analysis\volumes\V4400\seed_75\summary.xml
4400,77,90,7199.0,4448,86.64864864864865,97,C:\Users\panavberokhai\Desktop\project\sumo_emission_project\data\capacity_analysis\volumes\V4400\seed_77\summary.xml
4500,10,90,7199.0,4524,87.78378378378379,93,C:\Users\panavberokhai\Desktop\project\sumo_emission_project\data\capacity_analysis\volumes\V4500\seed_10\summary.xml
4500,13,90,7199.0,4524,87.37837837837837,97,C:\Users\panavberokhai\Desktop\project\sumo_emission_project\data\capacity_analysis\volumes\V4500\seed_13\summary.xml
4500,17,90,7199.0,4524,87.64864864864865,94,C:\Users\panavberokhai\Desktop\project\sumo_emission_project\data\capacity_analysis\volumes\V4500\seed_17\summary.xml
4500,25,90,7199.0,4524,87.56756756756756,96,C:\Users\panavberokhai\Desktop\project\sumo_emission_project\data\capacity_analysis\volumes\V4500\seed_25\summary.xml
4500,37,90,7199.0,4524,87.24324324324324,95,C:\Users\panavberokhai\Desktop\project\sumo_emission_project\data\capacity_analysis\volumes\V4500\seed_37\summary.xml
4500,42,90,7199.0,4524,88.0,95,C:\Users\panavberokhai\Desktop\project\sumo_emission_project\data\capacity_analysis\volumes\V4500\seed_42\summary.xml
4500,5,90,7199.0,4524,87.27027027027027,95,C:\Users\panavberokhai\Desktop\project\sumo_emission_project\data\capacity_analysis\volumes\V4500\seed_5\summary.xml
4500,50,90,7199.0,4524,87.75675675675676,93,C:\Users\panavberokhai\Desktop\project\sumo_emission_project\data\capacity_analysis\volumes\V4500\seed_50\summary.xml
4500,75,90,7199.0,4524,87.75675675675676,95,C:\Users\panavberokhai\Desktop\project\sumo_emission_project\data\capacity_analysis\volumes\V4500\seed_75\summary.xml
4500,77,90,7199.0,4524,88.16216216216216,95,C:\Users\panavberokhai\Desktop\project\sumo_emission_project\data\capacity_analysis\volumes\V4500\seed_77\summary.xml
4600,10,90,7199.0,4632,87.45945945945945,93,C:\Users\panavberokhai\Desktop\project\sumo_emission_project\data\capacity_analysis\volumes\V4600\seed_10\summary.xml
4600,13,90,7199.0,4632,87.62162162162163,95,C:\Users\panavberokhai\Desktop\project\sumo_emission_project\data\capacity_analysis\volumes\V4600\seed_13\summary.xml
4600,17,90,7199.0,4632,87.78378378378379,96,C:\Users\panavberokhai\Desktop\project\sumo_emission_project\data\capacity_analysis\volumes\V4600\seed_17\summary.xml
4600,25,90,7199.0,4632,88.10810810810811,96,C:\Users\panavberokhai\Desktop\project\sumo_emission_project\data\capacity_analysis\volumes\V4600\seed_25\summary.xml
4600,37,90,7199.0,4632,87.37837837837837,96,C:\Users\panavberokhai\Desktop\project\sumo_emission_project\data\capacity_analysis\volumes\V4600\seed_37\summary.xml
4600,42,90,7199.0,4632,87.45945945945945,94,C:\Users\panavberokhai\Desktop\project\sumo_emission_project\data\capacity_analysis\volumes\V4600\seed_42\summary.xml
4600,5,90,7199.0,4632,87.94594594594595,94,C:\Users\panavberokhai\Desktop\project\sumo_emission_project\data\capacity_analysis\volumes\V4600\seed_5\summary.xml
4600,50,90,7199.0,4632,87.89189189189189,98,C:\Users\panavberokhai\Desktop\project\sumo_emission_project\data\capacity_analysis\volumes\V4600\seed_50\summary.xml
4600,75,90,7199.0,4632,87.21621621621621,98,C:\Users\panavberokhai\Desktop\project\sumo_emission_project\data\capacity_analysis\volumes\V4600\seed_75\summary.xml
4600,77,90,7199.0,4632,87.8108108108108,97,C:\Users\panavberokhai\Desktop\project\sumo_emission_project\data\capacity_analysis\volumes\V4600\seed_77\summary.xml
4700,10,90,7199.0,4736,87.8108108108108,96,C:\Users\panavberokhai\Desktop\project\sumo_emission_project\data\capacity_analysis\volumes\V4700\seed_10\summary.xml
4700,13,90,7199.0,4736,88.37837837837837,95,C:\Users\panavberokhai\Desktop\project\sumo_emission_project\data\capacity_analysis\volumes\V4700\seed_13\summary.xml
4700,17,90,7199.0,4736,88.0,96,C:\Users\panavberokhai\Desktop\project\sumo_emission_project\data\capacity_analysis\volumes\V4700\seed_17\summary.xml
4700,25,90,7199.0,4736,88.5945945945946,94,C:\Users\panavberokhai\Desktop\project\sumo_emission_project\data\capacity_analysis\volumes\V4700\seed_25\summary.xml
4700,37,90,7199.0,4736,87.75675675675676,96,C:\Users\panavberokhai\Desktop\project\sumo_emission_project\data\capacity_analysis\volumes\V4700\seed_37\summary.xml
4700,42,90,7199.0,4736,87.78378378378379,93,C:\Users\panavberokhai\Desktop\project\sumo_emission_project\data\capacity_analysis\volumes\V4700\seed_42\summary.xml
4700,5,90,7199.0,4736,88.16216216216216,96,C:\Users\panavberokhai\Desktop\project\sumo_emission_project\data\capacity_analysis\volumes\V4700\seed_5\summary.xml
4700,50,90,7199.0,4736,88.35135135135135,94,C:\Users\panavberokhai\Desktop\project\sumo_emission_project\data\capacity_analysis\volumes\V4700\seed_50\summary.xml
4700,75,90,7199.0,4736,87.86486486486487,98,C:\Users\panavberokhai\Desktop\project\sumo_emission_project\data\capacity_analysis\volumes\V4700\seed_75\summary.xml
4700,77,90,7199.0,4736,87.70270270270271,101,C:\Users\panavberokhai\Desktop\project\sumo_emission_project\data\capacity_analysis\volumes\V4700\seed_77\summary.xml
4800,10,90,7199.0,4836,88.05405405405405,94,C:\Users\panavberokhai\Desktop\project\sumo_emission_project\data\capacity_analysis\volumes\V4800\seed_10\summary.xml
4800,13,90,7199.0,4836,87.83783783783784,93,C:\Users\panavberokhai\Desktop\project\sumo_emission_project\data\capacity_analysis\volumes\V4800\seed_13\summary.xml
4800,17,90,7199.0,4836,88.48648648648648,96,C:\Users\panavberokhai\Desktop\project\sumo_emission_project\data\capacity_analysis\volumes\V4800\seed_17\summary.xml
4800,25,90,7199.0,4836,87.94594594594595,94,C:\Users\panavberokhai\Desktop\project\sumo_emission_project\data\capacity_analysis\volumes\V4800\seed_25\summary.xml
4800,37,90,7199.0,4836,88.16216216216216,97,C:\Users\panavberokhai\Desktop\project\sumo_emission_project\data\capacity_analysis\volumes\V4800\seed_37\summary.xml
4800,42,90,7199.0,4836,88.29729729729729,96,C:\Users\panavberokhai\Desktop\project\sumo_emission_project\data\capacity_analysis\volumes\V4800\seed_42\summary.xml
4800,5,90,7199.0,4836,88.32432432432432,95,C:\Users\panavberokhai\Desktop\project\sumo_emission_project\data\capacity_analysis\volumes\V4800\seed_5\summary.xml
4800,50,90,7199.0,4836,88.37837837837837,97,C:\Users\panavberokhai\Desktop\project\sumo_emission_project\data\capacity_analysis\volumes\V4800\seed_50\summary.xml
4800,75,90,7199.0,4836,87.83783783783784,94,C:\Users\panavberokhai\Desktop\project\sumo_emission_project\data\capacity_analysis\volumes\V4800\seed_75\summary.xml
4800,77,90,7199.0,4836,87.83783783783784,93,C:\Users\panavberokhai\Desktop\project\sumo_emission_project\data\capacity_analysis\volumes\V4800\seed_77\summary.xml
4900,10,90,7199.0,4924,88.67567567567568,95,C:\Users\panavberokhai\Desktop\project\sumo_emission_project\data\capacity_analysis\volumes\V4900\seed_10\summary.xml
4900,13,90,7199.0,4924,88.89189189189189,95,C:\Users\panavberokhai\Desktop\project\sumo_emission_project\data\capacity_analysis\volumes\V4900\seed_13\summary.xml
4900,17,90,7199.0,4924,87.70270270270271,94,C:\Users\panavberokhai\Desktop\project\sumo_emission_project\data\capacity_analysis\volumes\V4900\seed_17\summary.xml
4900,25,90,7199.0,4924,88.48648648648648,95,C:\Users\panavberokhai\Desktop\project\sumo_emission_project\data\capacity_analysis\volumes\V4900\seed_25\summary.xml
4900,37,90,7199.0,4924,88.48648648648648,93,C:\Users\panavberokhai\Desktop\project\sumo_emission_project\data\capacity_analysis\volumes\V4900\seed_37\summary.xml
4900,42,90,7199.0,4924,88.54054054054055,94,C:\Users\panavberokhai\Desktop\project\sumo_emission_project\data\capacity_analysis\volumes\V4900\seed_42\summary.xml
4900,5,90,7199.0,4924,88.45945945945945,97,C:\Users\panavberokhai\Desktop\project\sumo_emission_project\data\capacity_analysis\volumes\V4900\seed_5\summary.xml
4900,50,90,7199.0,4924,88.27027027027027,97,C:\Users\panavberokhai\Desktop\project\sumo_emission_project\data\capacity_analysis\volumes\V4900\seed_50\summary.xml
4900,75,90,7199.0,4924,88.27027027027027,95,C:\Users\panavberokhai\Desktop\project\sumo_emission_project\data\capacity_analysis\volumes\V4900\seed_75\summary.xml
4900,77,90,7199.0,4924,87.8108108108108,95,C:\Users\panavberokhai\Desktop\project\sumo_emission_project\data\capacity_analysis\volumes\V4900\seed_77\summary.xml
5000,10,90,7199.0,5028,88.5945945945946,96,C:\Users\panavberokhai\Desktop\project\sumo_emission_project\data\capacity_analysis\volumes\V5000\seed_10\summary.xml
5000,13,90,7199.0,5028,87.97297297297297,96,C:\Users\panavberokhai\Desktop\project\sumo_emission_project\data\capacity_analysis\volumes\V5000\seed_13\summary.xml
5000,17,90,7199.0,5028,88.21621621621621,97,C:\Users\panavberokhai\Desktop\project\sumo_emission_project\data\capacity_analysis\volumes\V5000\seed_17\summary.xml
5000,25,90,7199.0,5028,88.8108108108108,98,C:\Users\panavberokhai\Desktop\project\sumo_emission_project\data\capacity_analysis\volumes\V5000\seed_25\summary.xml
5000,37,90,7199.0,5028,88.48648648648648,98,C:\Users\panavberokhai\Desktop\project\sumo_emission_project\data\capacity_analysis\volumes\V5000\seed_37\summary.xml
5000,42,90,7199.0,5028,88.32432432432432,97,C:\Users\panavberokhai\Desktop\project\sumo_emission_project\data\capacity_analysis\volumes\V5000\seed_42\summary.xml
5000,5,90,7199.0,5028,89.1891891891892,97,C:\Users\panavberokhai\Desktop\project\sumo_emission_project\data\capacity_analysis\volumes\V5000\seed_5\summary.xml
5000,50,90,7199.0,5028,87.62162162162163,94,C:\Users\panavberokhai\Desktop\project\sumo_emission_project\data\capacity_analysis\volumes\V5000\seed_50\summary.xml
5000,75,90,7199.0,5028,88.0,95,C:\Users\panavberokhai\Desktop\project\sumo_emission_project\data\capacity_analysis\volumes\V5000\seed_75\summary.xml
5000,77,90,7199.0,5028,88.70270270270271,97,C:\Users\panavberokhai\Desktop\project\sumo_emission_project\data\capacity_analysis\volumes\V5000\seed_77\summary.xml
5100,10,90,7199.0,5136,88.21621621621621,95,C:\Users\panavberokhai\Desktop\project\sumo_emission_project\data\capacity_analysis\volumes\V5100\seed_10\summary.xml
5100,13,90,7199.0,5136,88.29729729729729,96,C:\Users\panavberokhai\Desktop\project\sumo_emission_project\data\capacity_analysis\volumes\V5100\seed_13\summary.xml
5100,17,90,7199.0,5136,87.56756756756756,93,C:\Users\panavberokhai\Desktop\project\sumo_emission_project\data\capacity_analysis\volumes\V5100\seed_17\summary.xml
5100,25,90,7199.0,5136,88.51351351351352,97,C:\Users\panavberokhai\Desktop\project\sumo_emission_project\data\capacity_analysis\volumes\V5100\seed_25\summary.xml
5100,37,90,7199.0,5136,88.02702702702703,97,C:\Users\panavberokhai\Desktop\project\sumo_emission_project\data\capacity_analysis\volumes\V5100\seed_37\summary.xml
5100,42,90,7199.0,5136,88.54054054054055,98,C:\Users\panavberokhai\Desktop\project\sumo_emission_project\data\capacity_analysis\volumes\V5100\seed_42\summary.xml
5100,5,90,7199.0,5136,88.75675675675676,98,C:\Users\panavberokhai\Desktop\project\sumo_emission_project\data\capacity_analysis\volumes\V5100\seed_5\summary.xml
5100,50,90,7199.0,5136,88.43243243243244,95,C:\Users\panavberokhai\Desktop\project\sumo_emission_project\data\capacity_analysis\volumes\V5100\seed_50\summary.xml
5100,75,90,7199.0,5136,88.02702702702703,97,C:\Users\panavberokhai\Desktop\project\sumo_emission_project\data\capacity_analysis\volumes\V5100\seed_75\summary.xml
5100,77,90,7199.0,5136,88.10810810810811,95,C:\Users\panavberokhai\Desktop\project\sumo_emission_project\data\capacity_analysis\volumes\V5100\seed_77\summary.xml
5200,10,90,7199.0,5248,88.45945945945945,97,C:\Users\panavberokhai\Desktop\project\sumo_emission_project\data\capacity_analysis\volumes\V5200\seed_10\summary.xml
5200,13,90,7199.0,5248,88.48648648648648,94,C:\Users\panavberokhai\Desktop\project\sumo_emission_project\data\capacity_analysis\volumes\V5200\seed_13\summary.xml
5200,17,90,7199.0,5248,88.05405405405405,94,C:\Users\panavberokhai\Desktop\project\sumo_emission_project\data\capacity_analysis\volumes\V5200\seed_17\summary.xml
5200,25,90,7199.0,5248,88.94594594594595,96,C:\Users\panavberokhai\Desktop\project\sumo_emission_project\data\capacity_analysis\volumes\V5200\seed_25\summary.xml
5200,37,90,7199.0,5248,88.45945945945945,96,C:\Users\panavberokhai\Desktop\project\sumo_emission_project\data\capacity_analysis\volumes\V5200\seed_37\summary.xml
5200,42,90,7199.0,5248,88.78378378378379,98,C:\Users\panavberokhai\Desktop\project\sumo_emission_project\data\capacity_analysis\volumes\V5200\seed_42\summary.xml
5200,5,90,7199.0,5248,89.27027027027027,98,C:\Users\panavberokhai\Desktop\project\sumo_emission_project\data\capacity_analysis\volumes\V5200\seed_5\summary.xml
5200,50,90,7199.0,5248,88.8108108108108,96,C:\Users\panavberokhai\Desktop\project\sumo_emission_project\data\capacity_analysis\volumes\V5200\seed_50\summary.xml
5200,75,90,7199.0,5248,88.4054054054054,96,C:\Users\panavberokhai\Desktop\project\sumo_emission_project\data\capacity_analysis\volumes\V5200\seed_75\summary.xml
5200,77,90,7199.0,5248,88.37837837837837,93,C:\Users\panavberokhai\Desktop\project\sumo_emission_project\data\capacity_analysis\volumes\V5200\seed_77\summary.xml
5300,10,90,7199.0,5332,88.4054054054054,97,C:\Users\panavberokhai\Desktop\project\sumo_emission_project\data\capacity_analysis\volumes\V5300\seed_10\summary.xml
5300,13,90,7199.0,5332,87.97297297297297,92,C:\Users\panavberokhai\Desktop\project\sumo_emission_project\data\capacity_analysis\volumes\V5300\seed_13\summary.xml
5300,17,90,7199.0,5332,88.37837837837837,97,C:\Users\panavberokhai\Desktop\project\sumo_emission_project\data\capacity_analysis\volumes\V5300\seed_17\summary.xml
5300,25,90,7199.0,5332,88.54054054054055,97,C:\Users\panavberokhai\Desktop\project\sumo_emission_project\data\capacity_analysis\volumes\V5300\seed_25\summary.xml
5300,37,90,7199.0,5332,88.37837837837837,94,C:\Users\panavberokhai\Desktop\project\sumo_emission_project\data\capacity_analysis\volumes\V5300\seed_37\summary.xml
5300,42,90,7199.0,5332,88.02702702702703,96,C:\Users\panavberokhai\Desktop\project\sumo_emission_project\data\capacity_analysis\volumes\V5300\seed_42\summary.xml
5300,5,90,7199.0,5332,88.97297297297297,97,C:\Users\panavberokhai\Desktop\project\sumo_emission_project\data\capacity_analysis\volumes\V5300\seed_5\summary.xml
5300,50,90,7199.0,5332,88.37837837837837,95,C:\Users\panavberokhai\Desktop\project\sumo_emission_project\data\capacity_analysis\volumes\V5300\seed_50\summary.xml
5300,75,90,7199.0,5332,88.05405405405405,96,C:\Users\panavberokhai\Desktop\project\sumo_emission_project\data\capacity_analysis\volumes\V5300\seed_75\summary.xml
5300,77,90,7199.0,5332,88.45945945945945,94,C:\Users\panavberokhai\Desktop\project\sumo_emission_project\data\capacity_analysis\volumes\V5300\seed_77\summary.xml
5400,10,90,7199.0,5432,88.16216216216216,95,C:\Users\panavberokhai\Desktop\project\sumo_emission_project\data\capacity_analysis\volumes\V5400\seed_10\summary.xml
5400,13,90,7199.0,5432,88.97297297297297,98,C:\Users\panavberokhai\Desktop\project\sumo_emission_project\data\capacity_analysis\volumes\V5400\seed_13\summary.xml
5400,17,90,7199.0,5432,88.48648648648648,99,C:\Users\panavberokhai\Desktop\project\sumo_emission_project\data\capacity_analysis\volumes\V5400\seed_17\summary.xml
5400,25,90,7199.0,5432,88.86486486486487,95,C:\Users\panavberokhai\Desktop\project\sumo_emission_project\data\capacity_analysis\volumes\V5400\seed_25\summary.xml
5400,37,90,7199.0,5432,88.35135135135135,97,C:\Users\panavberokhai\Desktop\project\sumo_emission_project\data\capacity_analysis\volumes\V5400\seed_37\summary.xml
5400,42,90,7199.0,5432,88.35135135135135,92,C:\Users\panavberokhai\Desktop\project\sumo_emission_project\data\capacity_analysis\volumes\V5400\seed_42\summary.xml
5400,5,90,7199.0,5432,88.64864864864865,100,C:\Users\panavberokhai\Desktop\project\sumo_emission_project\data\capacity_analysis\volumes\V5400\seed_5\summary.xml
5400,50,90,7199.0,5432,88.13513513513513,93,C:\Users\panavberokhai\Desktop\project\sumo_emission_project\data\capacity_analysis\volumes\V5400\seed_50\summary.xml
5400,75,90,7199.0,5432,88.16216216216216,95,C:\Users\panavberokhai\Desktop\project\sumo_emission_project\data\capacity_analysis\volumes\V5400\seed_75\summary.xml
5400,77,90,7199.0,5432,88.16216216216216,98,C:\Users\panavberokhai\Desktop\project\sumo_emission_project\data\capacity_analysis\volumes\V5400\seed_77\summary.xml
5500,10,90,7199.0,5532,88.64864864864865,96,C:\Users\panavberokhai\Desktop\project\sumo_emission_project\data\capacity_analysis\volumes\V5500\seed_10\summary.xml
5500,13,90,7199.0,5532,88.78378378378379,95,C:\Users\panavberokhai\Desktop\project\sumo_emission_project\data\capacity_analysis\volumes\V5500\seed_13\summary.xml
5500,17,90,7199.0,5532,88.02702702702703,94,C:\Users\panavberokhai\Desktop\project\sumo_emission_project\data\capacity_analysis\volumes\V5500\seed_17\summary.xml
5500,25,90,7199.0,5532,88.89189189189189,99,C:\Users\panavberokhai\Desktop\project\sumo_emission_project\data\capacity_analysis\volumes\V5500\seed_25\summary.xml
5500,37,90,7199.0,5532,88.64864864864865,94,C:\Users\panavberokhai\Desktop\project\sumo_emission_project\data\capacity_analysis\volumes\V5500\seed_37\summary.xml
5500,42,90,7199.0,5532,89.32432432432432,98,C:\Users\panavberokhai\Desktop\project\sumo_emission_project\data\capacity_analysis\volumes\V5500\seed_42\summary.xml
5500,5,90,7199.0,5532,89.43243243243244,96,C:\Users\panavberokhai\Desktop\project\sumo_emission_project\data\capacity_analysis\volumes\V5500\seed_5\summary.xml
5500,50,90,7199.0,5532,88.45945945945945,95,C:\Users\panavberokhai\Desktop\project\sumo_emission_project\data\capacity_analysis\volumes\V5500\seed_50\summary.xml
5500,75,90,7199.0,5532,88.56756756756756,99,C:\Users\panavberokhai\Desktop\project\sumo_emission_project\data\capacity_analysis\volumes\V5500\seed_75\summary.xml
5500,77,90,7199.0,5532,88.78378378378379,94,C:\Users\panavberokhai\Desktop\project\sumo_emission_project\data\capacity_analysis\volumes\V5500\seed_77\summary.xml
5600,10,90,7199.0,5648,88.45945945945945,95,C:\Users\panavberokhai\Desktop\project\sumo_emission_project\data\capacity_analysis\volumes\V5600\seed_10\summary.xml
5600,13,90,7199.0,5648,89.05405405405405,97,C:\Users\panavberokhai\Desktop\project\sumo_emission_project\data\capacity_analysis\volumes\V5600\seed_13\summary.xml
5600,17,90,7199.0,5648,88.51351351351352,98,C:\Users\panavberokhai\Desktop\project\sumo_emission_project\data\capacity_analysis\volumes\V5600\seed_17\summary.xml
5600,25,90,7199.0,5648,88.72972972972973,96,C:\Users\panavberokhai\Desktop\project\sumo_emission_project\data\capacity_analysis\volumes\V5600\seed_25\summary.xml
5600,37,90,7199.0,5648,89.10810810810811,98,C:\Users\panavberokhai\Desktop\project\sumo_emission_project\data\capacity_analysis\volumes\V5600\seed_37\summary.xml
5600,42,90,7199.0,5648,88.75675675675676,99,C:\Users\panavberokhai\Desktop\project\sumo_emission_project\data\capacity_analysis\volumes\V5600\seed_42\summary.xml
5600,5,90,7199.0,5648,88.89189189189189,96,C:\Users\panavberokhai\Desktop\project\sumo_emission_project\data\capacity_analysis\volumes\V5600\seed_5\summary.xml
5600,50,90,7199.0,5648,88.94594594594595,95,C:\Users\panavberokhai\Desktop\project\sumo_emission_project\data\capacity_analysis\volumes\V5600\seed_50\summary.xml
5600,75,90,7199.0,5648,88.37837837837837,95,C:\Users\panavberokhai\Desktop\project\sumo_emission_project\data\capacity_analysis\volumes\V5600\seed_75\summary.xml
5600,77,90,7199.0,5648,88.75675675675676,96,C:\Users\panavberokhai\Desktop\project\sumo_emission_project\data\capacity_analysis\volumes\V5600\seed_77\summary.xml
5700,10,90,7199.0,5752,88.32432432432432,95,C:\Users\panavberokhai\Desktop\project\sumo_emission_project\data\capacity_analysis\volumes\V5700\seed_10\summary.xml
5700,13,90,7199.0,5752,88.54054054054055,96,C:\Users\panavberokhai\Desktop\project\sumo_emission_project\data\capacity_analysis\volumes\V5700\seed_13\summary.xml
5700,17,90,7199.0,5752,87.86486486486487,94,C:\Users\panavberokhai\Desktop\project\sumo_emission_project\data\capacity_analysis\volumes\V5700\seed_17\summary.xml
5700,25,90,7199.0,5752,89.02702702702703,96,C:\Users\panavberokhai\Desktop\project\sumo_emission_project\data\capacity_analysis\volumes\V5700\seed_25\summary.xml
5700,37,90,7199.0,5752,88.24324324324324,98,C:\Users\panavberokhai\Desktop\project\sumo_emission_project\data\capacity_analysis\volumes\V5700\seed_37\summary.xml
5700,42,90,7199.0,5752,88.5945945945946,96,C:\Users\panavberokhai\Desktop\project\sumo_emission_project\data\capacity_analysis\volumes\V5700\seed_42\summary.xml
5700,5,90,7199.0,5752,88.5945945945946,101,C:\Users\panavberokhai\Desktop\project\sumo_emission_project\data\capacity_analysis\volumes\V5700\seed_5\summary.xml
5700,50,90,7199.0,5752,88.91891891891892,97,C:\Users\panavberokhai\Desktop\project\sumo_emission_project\data\capacity_analysis\volumes\V5700\seed_50\summary.xml
5700,75,90,7199.0,5752,88.32432432432432,95,C:\Users\panavberokhai\Desktop\project\sumo_emission_project\data\capacity_analysis\volumes\V5700\seed_75\summary.xml
5700,77,90,7199.0,5752,88.67567567567568,96,C:\Users\panavberokhai\Desktop\project\sumo_emission_project\data\capacity_analysis\volumes\V5700\seed_77\summary.xml
5800,10,90,7199.0,5828,88.86486486486487,97,C:\Users\panavberokhai\Desktop\project\sumo_emission_project\data\capacity_analysis\volumes\V5800\seed_10\summary.xml
5800,13,90,7199.0,5828,88.54054054054055,97,C:\Users\panavberokhai\Desktop\project\sumo_emission_project\data\capacity_analysis\volumes\V5800\seed_13\summary.xml
5800,17,90,7199.0,5828,88.45945945945945,98,C:\Users\panavberokhai\Desktop\project\sumo_emission_project\data\capacity_analysis\volumes\V5800\seed_17\summary.xml
5800,25,90,7199.0,5828,89.37837837837837,96,C:\Users\panavberokhai\Desktop\project\sumo_emission_project\data\capacity_analysis\volumes\V5800\seed_25\summary.xml
5800,37,90,7199.0,5828,88.89189189189189,99,C:\Users\panavberokhai\Desktop\project\sumo_emission_project\data\capacity_analysis\volumes\V5800\seed_37\summary.xml
5800,42,90,7199.0,5828,88.78378378378379,96,C:\Users\panavberokhai\Desktop\project\sumo_emission_project\data\capacity_analysis\volumes\V5800\seed_42\summary.xml
5800,5,90,7199.0,5828,88.67567567567568,97,C:\Users\panavberokhai\Desktop\project\sumo_emission_project\data\capacity_analysis\volumes\V5800\seed_5\summary.xml
5800,50,90,7199.0,5828,88.72972972972973,96,C:\Users\panavberokhai\Desktop\project\sumo_emission_project\data\capacity_analysis\volumes\V5800\seed_50\summary.xml
5800,75,90,7199.0,5828,88.48648648648648,97,C:\Users\panavberokhai\Desktop\project\sumo_emission_project\data\capacity_analysis\volumes\V5800\seed_75\summary.xml
5800,77,90,7199.0,5828,88.56756756756756,96,C:\Users\panavberokhai\Desktop\project\sumo_emission_project\data\capacity_analysis\volumes\V5800\seed_77\summary.xml
5900,10,90,7199.0,5940,88.70270270270271,95,C:\Users\panavberokhai\Desktop\project\sumo_emission_project\data\capacity_analysis\volumes\V5900\seed_10\summary.xml
5900,13,90,7199.0,5940,88.32432432432432,94,C:\Users\panavberokhai\Desktop\project\sumo_emission_project\data\capacity_analysis\volumes\V5900\seed_13\summary.xml
5900,17,90,7199.0,5940,88.48648648648648,96,C:\Users\panavberokhai\Desktop\project\sumo_emission_project\data\capacity_analysis\volumes\V5900\seed_17\summary.xml
5900,25,90,7199.0,5940,89.0,96,C:\Users\panavberokhai\Desktop\project\sumo_emission_project\data\capacity_analysis\volumes\V5900\seed_25\summary.xml
5900,37,90,7199.0,5940,88.70270270270271,97,C:\Users\panavberokhai\Desktop\project\sumo_emission_project\data\capacity_analysis\volumes\V5900\seed_37\summary.xml
5900,42,90,7199.0,5940,88.29729729729729,97,C:\Users\panavberokhai\Desktop\project\sumo_emission_project\data\capacity_analysis\volumes\V5900\seed_42\summary.xml
5900,5,90,7199.0,5940,88.62162162162163,96,C:\Users\panavberokhai\Desktop\project\sumo_emission_project\data\capacity_analysis\volumes\V5900\seed_5\summary.xml
5900,50,90,7199.0,5940,88.62162162162163,97,C:\Users\panavberokhai\Desktop\project\sumo_emission_project\data\capacity_analysis\volumes\V5900\seed_50\summary.xml
5900,75,90,7199.0,5940,87.97297297297297,94,C:\Users\panavberokhai\Desktop\project\sumo_emission_project\data\capacity_analysis\volumes\V5900\seed_75\summary.xml
5900,77,90,7199.0,5940,89.37837837837837,99,C:\Users\panavberokhai\Desktop\project\sumo_emission_project\data\capacity_analysis\volumes\V5900\seed_77\summary.xml
6000,10,90,7199.0,6024,88.97297297297297,96,C:\Users\panavberokhai\Desktop\project\sumo_emission_project\data\capacity_analysis\volumes\V6000\seed_10\summary.xml
6000,13,90,7199.0,6024,88.16216216216216,94,C:\Users\panavberokhai\Desktop\project\sumo_emission_project\data\capacity_analysis\volumes\V6000\seed_13\summary.xml
6000,17,90,7199.0,6024,88.1891891891892,95,C:\Users\panavberokhai\Desktop\project\sumo_emission_project\data\capacity_analysis\volumes\V6000\seed_17\summary.xml
6000,25,90,7199.0,6024,88.29729729729729,94,C:\Users\panavberokhai\Desktop\project\sumo_emission_project\data\capacity_analysis\volumes\V6000\seed_25\summary.xml
6000,37,90,7199.0,6024,88.91891891891892,99,C:\Users\panavberokhai\Desktop\project\sumo_emission_project\data\capacity_analysis\volumes\V6000\seed_37\summary.xml
6000,42,90,7199.0,6024,88.16216216216216,96,C:\Users\panavberokhai\Desktop\project\sumo_emission_project\data\capacity_analysis\volumes\V6000\seed_42\summary.xml
6000,5,90,7199.0,6024,88.5945945945946,97,C:\Users\panavberokhai\Desktop\project\sumo_emission_project\data\capacity_analysis\volumes\V6000\seed_5\summary.xml
6000,50,90,7199.0,6024,89.1891891891892,98,C:\Users\panavberokhai\Desktop\project\sumo_emission_project\data\capacity_analysis\volumes\V6000\seed_50\summary.xml
6000,75,90,7199.0,6024,88.64864864864865,96,C:\Users\panavberokhai\Desktop\project\sumo_emission_project\data\capacity_analysis\volumes\V6000\seed_75\summary.xml
6000,77,90,7199.0,6024,88.29729729729729,96,C:\Users\panavberokhai\Desktop\project\sumo_emission_project\data\capacity_analysis\volumes\V6000\seed_77\summary.xml
6100,10,90,7199.0,6136,88.97297297297297,97,C:\Users\panavberokhai\Desktop\project\sumo_emission_project\data\capacity_analysis\volumes\V6100\seed_10\summary.xml
6100,13,90,7199.0,6136,88.51351351351352,99,C:\Users\panavberokhai\Desktop\project\sumo_emission_project\data\capacity_analysis\volumes\V6100\seed_13\summary.xml
6100,17,90,7199.0,6136,88.5945945945946,95,C:\Users\panavberokhai\Desktop\project\sumo_emission_project\data\capacity_analysis\volumes\V6100\seed_17\summary.xml
6100,25,90,7199.0,6136,88.75675675675676,96,C:\Users\panavberokhai\Desktop\project\sumo_emission_project\data\capacity_analysis\volumes\V6100\seed_25\summary.xml
6100,37,90,7199.0,6136,89.10810810810811,97,C:\Users\panavberokhai\Desktop\project\sumo_emission_project\data\capacity_analysis\volumes\V6100\seed_37\summary.xml
6100,42,90,7199.0,6136,89.67567567567568,98,C:\Users\panavberokhai\Desktop\project\sumo_emission_project\data\capacity_analysis\volumes\V6100\seed_42\summary.xml
6100,5,90,7199.0,6136,88.72972972972973,95,C:\Users\panavberokhai\Desktop\project\sumo_emission_project\data\capacity_analysis\volumes\V6100\seed_5\summary.xml
6100,50,90,7199.0,6136,89.16216216216216,98,C:\Users\panavberokhai\Desktop\project\sumo_emission_project\data\capacity_analysis\volumes\V6100\seed_50\summary.xml
6100,75,90,7199.0,6136,88.05405405405405,94,C:\Users\panavberokhai\Desktop\project\sumo_emission_project\data\capacity_analysis\volumes\V6100\seed_75\summary.xml
6100,77,90,7199.0,6136,88.64864864864865,95,C:\Users\panavberokhai\Desktop\project\sumo_emission_project\data\capacity_analysis\volumes\V6100\seed_77\summary.xml
6200,10,90,7199.0,6252,88.8108108108108,94,C:\Users\panavberokhai\Desktop\project\sumo_emission_project\data\capacity_analysis\volumes\V6200\seed_10\summary.xml
6200,13,90,7199.0,6252,89.32432432432432,98,C:\Users\panavberokhai\Desktop\project\sumo_emission_project\data\capacity_analysis\volumes\V6200\seed_13\summary.xml
6200,17,90,7199.0,6252,88.67567567567568,94,C:\Users\panavberokhai\Desktop\project\sumo_emission_project\data\capacity_analysis\volumes\V6200\seed_17\summary.xml
6200,25,90,7199.0,6252,88.89189189189189,97,C:\Users\panavberokhai\Desktop\project\sumo_emission_project\data\capacity_analysis\volumes\V6200\seed_25\summary.xml
6200,37,90,7199.0,6252,88.5945945945946,97,C:\Users\panavberokhai\Desktop\project\sumo_emission_project\data\capacity_analysis\volumes\V6200\seed_37\summary.xml
6200,42,90,7199.0,6252,89.16216216216216,99,C:\Users\panavberokhai\Desktop\project\sumo_emission_project\data\capacity_analysis\volumes\V6200\seed_42\summary.xml
6200,5,90,7199.0,6252,88.89189189189189,95,C:\Users\panavberokhai\Desktop\project\sumo_emission_project\data\capacity_analysis\volumes\V6200\seed_5\summary.xml
6200,50,90,7199.0,6252,90.02702702702703,96,C:\Users\panavberokhai\Desktop\project\sumo_emission_project\data\capacity_analysis\volumes\V6200\seed_50\summary.xml
6200,75,90,7199.0,6252,89.0,95,C:\Users\panavberokhai\Desktop\project\sumo_emission_project\data\capacity_analysis\volumes\V6200\seed_75\summary.xml
6200,77,90,7199.0,6252,88.86486486486487,95,C:\Users\panavberokhai\Desktop\project\sumo_emission_project\data\capacity_analysis\volumes\V6200\seed_77\summary.xml
6300,10,90,7199.0,6324,89.05405405405405,100,C:\Users\panavberokhai\Desktop\project\sumo_emission_project\data\capacity_analysis\volumes\V6300\seed_10\summary.xml
6300,13,90,7199.0,6324,88.13513513513513,94,C:\Users\panavberokhai\Desktop\project\sumo_emission_project\data\capacity_analysis\volumes\V6300\seed_13\summary.xml
6300,17,90,7199.0,6324,88.91891891891892,96,C:\Users\panavberokhai\Desktop\project\sumo_emission_project\data\capacity_analysis\volumes\V6300\seed_17\summary.xml
6300,25,90,7199.0,6324,88.78378378378379,96,C:\Users\panavberokhai\Desktop\project\sumo_emission_project\data\capacity_analysis\volumes\V6300\seed_25\summary.xml
6300,37,90,7199.0,6324,88.13513513513513,100,C:\Users\panavberokhai\Desktop\project\sumo_emission_project\data\capacity_analysis\volumes\V6300\seed_37\summary.xml
6300,42,90,7199.0,6324,88.64864864864865,96,C:\Users\panavberokhai\Desktop\project\sumo_emission_project\data\capacity_analysis\volumes\V6300\seed_42\summary.xml
6300,5,90,7199.0,6324,89.27027027027027,96,C:\Users\panavberokhai\Desktop\project\sumo_emission_project\data\capacity_analysis\volumes\V6300\seed_5\summary.xml
6300,50,90,7199.0,6324,89.0,96,C:\Users\panavberokhai\Desktop\project\sumo_emission_project\data\capacity_analysis\volumes\V6300\seed_50\summary.xml
6300,75,90,7199.0,6324,89.0,95,C:\Users\panavberokhai\Desktop\project\sumo_emission_project\data\capacity_analysis\volumes\V6300\seed_75\summary.xml
6300,77,90,7199.0,6324,88.78378378378379,95,C:\Users\panavberokhai\Desktop\project\sumo_emission_project\data\capacity_analysis\volumes\V6300\seed_77\summary.xml
6400,10,90,7199.0,6432,89.24324324324324,97,C:\Users\panavberokhai\Desktop\project\sumo_emission_project\data\capacity_analysis\volumes\V6400\seed_10\summary.xml
6400,13,90,7199.0,6432,88.89189189189189,96,C:\Users\panavberokhai\Desktop\project\sumo_emission_project\data\capacity_analysis\volumes\V6400\seed_13\summary.xml
6400,17,90,7199.0,6432,88.64864864864865,97,C:\Users\panavberokhai\Desktop\project\sumo_emission_project\data\capacity_analysis\volumes\V6400\seed_17\summary.xml
6400,25,90,7199.0,6432,88.75675675675676,97,C:\Users\panavberokhai\Desktop\project\sumo_emission_project\data\capacity_analysis\volumes\V6400\seed_25\summary.xml
6400,37,90,7199.0,6432,88.94594594594595,98,C:\Users\panavberokhai\Desktop\project\sumo_emission_project\data\capacity_analysis\volumes\V6400\seed_37\summary.xml
6400,42,90,7199.0,6432,89.21621621621621,94,C:\Users\panavberokhai\Desktop\project\sumo_emission_project\data\capacity_analysis\volumes\V6400\seed_42\summary.xml
6400,5,90,7199.0,6432,88.8108108108108,98,C:\Users\panavberokhai\Desktop\project\sumo_emission_project\data\capacity_analysis\volumes\V6400\seed_5\summary.xml
6400,50,90,7199.0,6432,89.5945945945946,98,C:\Users\panavberokhai\Desktop\project\sumo_emission_project\data\capacity_analysis\volumes\V6400\seed_50\summary.xml
6400,75,90,7199.0,6432,88.48648648648648,101,C:\Users\panavberokhai\Desktop\project\sumo_emission_project\data\capacity_analysis\volumes\V6400\seed_75\summary.xml
6400,77,90,7199.0,6432,89.27027027027027,101,C:\Users\panavberokhai\Desktop\project\sumo_emission_project\data\capacity_analysis\volumes\V6400\seed_77\summary.xml
6500,10,90,7199.0,6536,88.78378378378379,95,C:\Users\panavberokhai\Desktop\project\sumo_emission_project\data\capacity_analysis\volumes\V6500\seed_10\summary.xml
6500,13,90,7199.0,6536,88.91891891891892,98,C:\Users\panavberokhai\Desktop\project\sumo_emission_project\data\capacity_analysis\volumes\V6500\seed_13\summary.xml
6500,17,90,7199.0,6536,88.67567567567568,96,C:\Users\panavberokhai\Desktop\project\sumo_emission_project\data\capacity_analysis\volumes\V6500\seed_17\summary.xml
6500,25,90,7199.0,6536,89.16216216216216,99,C:\Users\panavberokhai\Desktop\project\sumo_emission_project\data\capacity_analysis\volumes\V6500\seed_25\summary.xml
6500,37,90,7199.0,6536,89.48648648648648,95,C:\Users\panavberokhai\Desktop\project\sumo_emission_project\data\capacity_analysis\volumes\V6500\seed_37\summary.xml
6500,42,90,7199.0,6536,89.62162162162163,99,C:\Users\panavberokhai\Desktop\project\sumo_emission_project\data\capacity_analysis\volumes\V6500\seed_42\summary.xml
6500,5,90,7199.0,6536,89.1891891891892,95,C:\Users\panavberokhai\Desktop\project\sumo_emission_project\data\capacity_analysis\volumes\V6500\seed_5\summary.xml
6500,50,90,7199.0,6536,89.13513513513513,96,C:\Users\panavberokhai\Desktop\project\sumo_emission_project\data\capacity_analysis\volumes\V6500\seed_50\summary.xml
6500,75,90,7199.0,6536,89.32432432432432,97,C:\Users\panavberokhai\Desktop\project\sumo_emission_project\data\capacity_analysis\volumes\V6500\seed_75\summary.xml
6500,77,90,7199.0,6536,88.54054054054055,95,C:\Users\panavberokhai\Desktop\project\sumo_emission_project\data\capacity_analysis\volumes\V6500\seed_77\summary.xml
6600,10,90,7199.0,6644,88.24324324324324,98,C:\Users\panavberokhai\Desktop\project\sumo_emission_project\data\capacity_analysis\volumes\V6600\seed_10\summary.xml
6600,13,90,7199.0,6644,88.86486486486487,95,C:\Users\panavberokhai\Desktop\project\sumo_emission_project\data\capacity_analysis\volumes\V6600\seed_13\summary.xml
6600,17,90,7199.0,6641,88.48648648648648,96,C:\Users\panavberokhai\Desktop\project\sumo_emission_project\data\capacity_analysis\volumes\V6600\seed_17\summary.xml
6600,25,90,7199.0,6644,89.43243243243244,98,C:\Users\panavberokhai\Desktop\project\sumo_emission_project\data\capacity_analysis\volumes\V6600\seed_25\summary.xml
6600,37,90,7199.0,6636,88.08108108108108,96,C:\Users\panavberokhai\Desktop\project\sumo_emission_project\data\capacity_analysis\volumes\V6600\seed_37\summary.xml
6600,42,90,7199.0,6643,89.0,95,C:\Users\panavberokhai\Desktop\project\sumo_emission_project\data\capacity_analysis\volumes\V6600\seed_42\summary.xml
6600,5,90,7199.0,6641,88.94594594594595,97,C:\Users\panavberokhai\Desktop\project\sumo_emission_project\data\capacity_analysis\volumes\V6600\seed_5\summary.xml
6600,50,90,7199.0,6643,88.64864864864865,96,C:\Users\panavberokhai\Desktop\project\sumo_emission_project\data\capacity_analysis\volumes\V6600\seed_50\summary.xml
6600,75,90,7199.0,6635,88.67567567567568,97,C:\Users\panavberokhai\Desktop\project\sumo_emission_project\data\capacity_analysis\volumes\V6600\seed_75\summary.xml
6600,77,90,7199.0,6643,88.8108108108108,96,C:\Users\panavberokhai\Desktop\project\sumo_emission_project\data\capacity_analysis\volumes\V6600\seed_77\summary.xml
6700,10,90,7199.0,6713,89.45945945945945,100,C:\Users\panavberokhai\Desktop\project\sumo_emission_project\data\capacity_analysis\volumes\V6700\seed_10\summary.xml
6700,13,90,7199.0,6698,89.5945945945946,97,C:\Users\panavberokhai\Desktop\project\sumo_emission_project\data\capacity_analysis\volumes\V6700\seed_13\summary.xml
6700,17,90,7199.0,6712,89.02702702702703,95,C:\Users\panavberokhai\Desktop\project\sumo_emission_project\data\capacity_analysis\volumes\V6700\seed_17\summary.xml
6700,25,90,7199.0,6705,89.48648648648648,97,C:\Users\panavberokhai\Desktop\project\sumo_emission_project\data\capacity_analysis\volumes\V6700\seed_25\summary.xml
6700,37,90,7199.0,6698,88.86486486486487,97,C:\Users\panavberokhai\Desktop\project\sumo_emission_project\data\capacity_analysis\volumes\V6700\seed_37\summary.xml
6700,42,90,7199.0,6704,88.94594594594595,98,C:\Users\panavberokhai\Desktop\project\sumo_emission_project\data\capacity_analysis\volumes\V6700\seed_42\summary.xml
6700,5,90,7199.0,6716,89.43243243243244,97,C:\Users\panavberokhai\Desktop\project\sumo_emission_project\data\capacity_analysis\volumes\V6700\seed_5\summary.xml
6700,50,90,7199.0,6707,89.45945945945945,96,C:\Users\panavberokhai\Desktop\project\sumo_emission_project\data\capacity_analysis\volumes\V6700\seed_50\summary.xml
6700,75,90,7199.0,6721,88.94594594594595,97,C:\Users\panavberokhai\Desktop\project\sumo_emission_project\data\capacity_analysis\volumes\V6700\seed_75\summary.xml
6700,77,90,7199.0,6720,89.54054054054055,98,C:\Users\panavberokhai\Desktop\project\sumo_emission_project\data\capacity_analysis\volumes\V6700\seed_77\summary.xml
6800,10,90,7199.0,6729,89.02702702702703,99,C:\Users\panavberokhai\Desktop\project\sumo_emission_project\data\capacity_analysis\volumes\V6800\seed_10\summary.xml
6800,13,90,7199.0,6743,88.91891891891892,98,C:\Users\panavberokhai\Desktop\project\sumo_emission_project\data\capacity_analysis\volumes\V6800\seed_13\summary.xml
6800,17,90,7199.0,6720,88.86486486486487,97,C:\Users\panavberokhai\Desktop\project\sumo_emission_project\data\capacity_analysis\volumes\V6800\seed_17\summary.xml
6800,25,90,7199.0,6770,89.70270270270271,99,C:\Users\panavberokhai\Desktop\project\sumo_emission_project\data\capacity_analysis\volumes\V6800\seed_25\summary.xml
6800,37,90,7199.0,6727,88.56756756756756,99,C:\Users\panavberokhai\Desktop\project\sumo_emission_project\data\capacity_analysis\volumes\V6800\seed_37\summary.xml
6800,42,90,7199.0,6732,88.67567567567568,95,C:\Users\panavberokhai\Desktop\project\sumo_emission_project\data\capacity_analysis\volumes\V6800\seed_42\summary.xml
6800,5,90,7199.0,6745,89.08108108108108,96,C:\Users\panavberokhai\Desktop\project\sumo_emission_project\data\capacity_analysis\volumes\V6800\seed_5\summary.xml
6800,50,90,7199.0,6743,89.05405405405405,96,C:\Users\panavberokhai\Desktop\project\sumo_emission_project\data\capacity_analysis\volumes\V6800\seed_50\summary.xml
6800,75,90,7199.0,6739,88.78378378378379,97,C:\Users\panavberokhai\Desktop\project\sumo_emission_project\data\capacity_analysis\volumes\V6800\seed_75\summary.xml
6800,77,90,7199.0,6720,88.24324324324324,93,C:\Users\panavberokhai\Desktop\project\sumo_emission_project\data\capacity_analysis\volumes\V6800\seed_77\summary.xml
6900,10,90,7199.0,6749,88.86486486486487,103,C:\Users\panavberokhai\Desktop\project\sumo_emission_project\data\capacity_analysis\volumes\V6900\seed_10\summary.xml
6900,13,90,7199.0,6738,88.32432432432432,94,C:\Users\panavberokhai\Desktop\project\sumo_emission_project\data\capacity_analysis\volumes\V6900\seed_13\summary.xml
6900,17,90,7199.0,6783,88.94594594594595,99,C:\Users\panavberokhai\Desktop\project\sumo_emission_project\data\capacity_analysis\volumes\V6900\seed_17\summary.xml
6900,25,90,7199.0,6798,89.72972972972973,98,C:\Users\panavberokhai\Desktop\project\sumo_emission_project\data\capacity_analysis\volumes\V6900\seed_25\summary.xml
6900,37,90,7199.0,6794,88.94594594594595,98,C:\Users\panavberokhai\Desktop\project\sumo_emission_project\data\capacity_analysis\volumes\V6900\seed_37\summary.xml
6900,42,90,7199.0,6773,88.72972972972973,96,C:\Users\panavberokhai\Desktop\project\sumo_emission_project\data\capacity_analysis\volumes\V6900\seed_42\summary.xml
6900,5,90,7199.0,6784,89.54054054054055,100,C:\Users\panavberokhai\Desktop\project\sumo_emission_project\data\capacity_analysis\volumes\V6900\seed_5\summary.xml
6900,50,90,7199.0,6776,89.37837837837837,96,C:\Users\panavberokhai\Desktop\project\sumo_emission_project\data\capacity_analysis\volumes\V6900\seed_50\summary.xml
6900,75,90,7199.0,6768,88.51351351351352,94,C:\Users\panavberokhai\Desktop\project\sumo_emission_project\data\capacity_analysis\volumes\V6900\seed_75\summary.xml
6900,77,90,7199.0,6767,89.13513513513513,96,C:\Users\panavberokhai\Desktop\project\sumo_emission_project\data\capacity_analysis\volumes\V6900\seed_77\summary.xml
7000,10,90,7199.0,6778,88.72972972972973,94,C:\Users\panavberokhai\Desktop\project\sumo_emission_project\data\capacity_analysis\volumes\V7000\seed_10\summary.xml
7000,13,90,7199.0,6811,89.86486486486487,96,C:\Users\panavberokhai\Desktop\project\sumo_emission_project\data\capacity_analysis\volumes\V7000\seed_13\summary.xml
7000,17,90,7199.0,6781,88.72972972972973,95,C:\Users\panavberokhai\Desktop\project\sumo_emission_project\data\capacity_analysis\volumes\V7000\seed_17\summary.xml
7000,25,90,7199.0,6803,89.67567567567568,100,C:\Users\panavberokhai\Desktop\project\sumo_emission_project\data\capacity_analysis\volumes\V7000\seed_25\summary.xml
7000,37,90,7199.0,6795,89.32432432432432,98,C:\Users\panavberokhai\Desktop\project\sumo_emission_project\data\capacity_analysis\volumes\V7000\seed_37\summary.xml
7000,42,90,7199.0,6825,89.4054054054054,100,C:\Users\panavberokhai\Desktop\project\sumo_emission_project\data\capacity_analysis\volumes\V7000\seed_42\summary.xml
7000,5,90,7199.0,6813,89.32432432432432,98,C:\Users\panavberokhai\Desktop\project\sumo_emission_project\data\capacity_analysis\volumes\V7000\seed_5\summary.xml
7000,50,90,7199.0,6791,88.86486486486487,97,C:\Users\panavberokhai\Desktop\project\sumo_emission_project\data\capacity_analysis\volumes\V7000\seed_50\summary.xml
7000,75,90,7199.0,6823,89.70270270270271,96,C:\Users\panavberokhai\Desktop\project\sumo_emission_project\data\capacity_analysis\volumes\V7000\seed_75\summary.xml
7000,77,90,7199.0,6809,89.05405405405405,95,C:\Users\panavberokhai\Desktop\project\sumo_emission_project\data\capacity_analysis\volumes\V7000\seed_77\summary.xml
7100,10,90,7199.0,6792,89.24324324324324,96,C:\Users\panavberokhai\Desktop\project\sumo_emission_project\data\capacity_analysis\volumes\V7100\seed_10\summary.xml
7100,13,90,7199.0,6780,88.75675675675676,98,C:\Users\panavberokhai\Desktop\project\sumo_emission_project\data\capacity_analysis\volumes\V7100\seed_13\summary.xml
7100,17,90,7199.0,6795,88.83783783783784,95,C:\Users\panavberokhai\Desktop\project\sumo_emission_project\data\capacity_analysis\volumes\V7100\seed_17\summary.xml
7100,25,90,7199.0,6795,89.1891891891892,100,C:\Users\panavberokhai\Desktop\project\sumo_emission_project\data\capacity_analysis\volumes\V7100\seed_25\summary.xml
7100,37,90,7199.0,6804,88.94594594594595,97,C:\Users\panavberokhai\Desktop\project\sumo_emission_project\data\capacity_analysis\volumes\V7100\seed_37\summary.xml
7100,42,90,7199.0,6790,88.91891891891892,96,C:\Users\panavberokhai\Desktop\project\sumo_emission_project\data\capacity_analysis\volumes\V7100\seed_42\summary.xml
7100,5,90,7199.0,6798,89.05405405405405,96,C:\Users\panavberokhai\Desktop\project\sumo_emission_project\data\capacity_analysis\volumes\V7100\seed_5\summary.xml
7100,50,90,7199.0,6813,89.4054054054054,97,C:\Users\panavberokhai\Desktop\project\sumo_emission_project\data\capacity_analysis\volumes\V7100\seed_50\summary.xml
7100,75,90,7199.0,6814,89.05405405405405,95,C:\Users\panavberokhai\Desktop\project\sumo_emission_project\data\capacity_analysis\volumes\V7100\seed_75\summary.xml
7100,77,90,7199.0,6797,88.70270270270271,98,C:\Users\panavberokhai\Desktop\project\sumo_emission_project\data\capacity_analysis\volumes\V7100\seed_77\summary.xml
7200,10,90,7199.0,6827,89.5945945945946,97,C:\Users\panavberokhai\Desktop\project\sumo_emission_project\data\capacity_analysis\volumes\V7200\seed_10\summary.xml
7200,13,90,7199.0,6843,89.37837837837837,97,C:\Users\panavberokhai\Desktop\project\sumo_emission_project\data\capacity_analysis\volumes\V7200\seed_13\summary.xml
7200,17,90,7199.0,6846,89.37837837837837,99,C:\Users\panavberokhai\Desktop\project\sumo_emission_project\data\capacity_analysis\volumes\V7200\seed_17\summary.xml
7200,25,90,7199.0,6849,89.62162162162163,96,C:\Users\panavberokhai\Desktop\project\sumo_emission_project\data\capacity_analysis\volumes\V7200\seed_25\summary.xml
7200,37,90,7199.0,6835,89.08108108108108,97,C:\Users\panavberokhai\Desktop\project\sumo_emission_project\data\capacity_analysis\volumes\V7200\seed_37\summary.xml
7200,42,90,7199.0,6832,89.5945945945946,99,C:\Users\panavberokhai\Desktop\project\sumo_emission_project\data\capacity_analysis\volumes\V7200\seed_42\summary.xml
7200,5,90,7199.0,6811,88.91891891891892,98,C:\Users\panavberokhai\Desktop\project\sumo_emission_project\data\capacity_analysis\volumes\V7200\seed_5\summary.xml
7200,50,90,7199.0,6844,89.62162162162163,97,C:\Users\panavberokhai\Desktop\project\sumo_emission_project\data\capacity_analysis\volumes\V7200\seed_50\summary.xml
7200,75,90,7199.0,6834,89.27027027027027,95,C:\Users\panavberokhai\Desktop\project\sumo_emission_project\data\capacity_analysis\volumes\V7200\seed_75\summary.xml
7200,77,90,7199.0,6827,89.1891891891892,96,C:\Users\panavberokhai\Desktop\project\sumo_emission_project\data\capacity_analysis\volumes\V7200\seed_77\summary.xml
7300,10,90,7199.0,6836,89.1891891891892,100,C:\Users\panavberokhai\Desktop\project\sumo_emission_project\data\capacity_analysis\volumes\V7300\seed_10\summary.xml
7300,13,90,7199.0,6846,89.29729729729729,97,C:\Users\panavberokhai\Desktop\project\sumo_emission_project\data\capacity_analysis\volumes\V7300\seed_13\summary.xml
7300,17,90,7199.0,6851,89.08108108108108,99,C:\Users\panavberokhai\Desktop\project\sumo_emission_project\data\capacity_analysis\volumes\V7300\seed_17\summary.xml
7300,25,90,7199.0,6846,89.35135135135135,97,C:\Users\panavberokhai\Desktop\project\sumo_emission_project\data\capacity_analysis\volumes\V7300\seed_25\summary.xml
7300,37,90,7199.0,6841,88.8108108108108,97,C:\Users\panavberokhai\Desktop\project\sumo_emission_project\data\capacity_analysis\volumes\V7300\seed_37\summary.xml
7300,42,90,7199.0,6839,89.16216216216216,101,C:\Users\panavberokhai\Desktop\project\sumo_emission_project\data\capacity_analysis\volumes\V7300\seed_42\summary.xml
7300,5,90,7199.0,6859,89.27027027027027,99,C:\Users\panavberokhai\Desktop\project\sumo_emission_project\data\capacity_analysis\volumes\V7300\seed_5\summary.xml
7300,50,90,7199.0,6839,89.35135135135135,96,C:\Users\panavberokhai\Desktop\project\sumo_emission_project\data\capacity_analysis\volumes\V7300\seed_50\summary.xml
7300,75,90,7199.0,6815,88.54054054054055,97,C:\Users\panavberokhai\Desktop\project\sumo_emission_project\data\capacity_analysis\volumes\V7300\seed_75\summary.xml
7300,77,90,7199.0,6839,89.24324324324324,95,C:\Users\panavberokhai\Desktop\project\sumo_emission_project\data\capacity_analysis\volumes\V7300\seed_77\summary.xml
7400,10,90,7199.0,6845,88.45945945945945,97,C:\Users\panavberokhai\Desktop\project\sumo_emission_project\data\capacity_analysis\volumes\V7400\seed_10\summary.xml
7400,13,90,7199.0,6885,89.24324324324324,97,C:\Users\panavberokhai\Desktop\project\sumo_emission_project\data\capacity_analysis\volumes\V7400\seed_13\summary.xml
7400,17,90,7199.0,6878,89.13513513513513,96,C:\Users\panavberokhai\Desktop\project\sumo_emission_project\data\capacity_analysis\volumes\V7400\seed_17\summary.xml
7400,25,90,7199.0,6881,89.35135135135135,95,C:\Users\panavberokhai\Desktop\project\sumo_emission_project\data\capacity_analysis\volumes\V7400\seed_25\summary.xml
7400,37,90,7199.0,6863,88.94594594594595,96,C:\Users\panavberokhai\Desktop\project\sumo_emission_project\data\capacity_analysis\volumes\V7400\seed_37\summary.xml
7400,42,90,7199.0,6836,88.24324324324324,94,C:\Users\panavberokhai\Desktop\project\sumo_emission_project\data\capacity_analysis\volumes\V7400\seed_42\summary.xml
7400,5,90,7199.0,6857,88.75675675675676,99,C:\Users\panavberokhai\Desktop\project\sumo_emission_project\data\capacity_analysis\volumes\V7400\seed_5\summary.xml
7400,50,90,7199.0,6860,89.02702702702703,94,C:\Users\panavberokhai\Desktop\project\sumo_emission_project\data\capacity_analysis\volumes\V7400\seed_50\summary.xml
7400,75,90,7199.0,6871,89.54054054054055,99,C:\Users\panavberokhai\Desktop\project\sumo_emission_project\data\capacity_analysis\volumes\V7400\seed_75\summary.xml
7400,77,90,7199.0,6849,88.89189189189189,97,C:\Users\panavberokhai\Desktop\project\sumo_emission_project\data\capacity_analysis\volumes\V7400\seed_77\summary.xml
7500,10,90,7199.0,6875,88.62162162162163,96,C:\Users\panavberokhai\Desktop\project\sumo_emission_project\data\capacity_analysis\volumes\V7500\seed_10\summary.xml
7500,13,90,7199.0,6902,89.05405405405405,95,C:\Users\panavberokhai\Desktop\project\sumo_emission_project\data\capacity_analysis\volumes\V7500\seed_13\summary.xml
7500,17,90,7199.0,6868,88.48648648648648,95,C:\Users\panavberokhai\Desktop\project\sumo_emission_project\data\capacity_analysis\volumes\V7500\seed_17\summary.xml
7500,25,90,7199.0,6900,89.0,97,C:\Users\panavberokhai\Desktop\project\sumo_emission_project\data\capacity_analysis\volumes\V7500\seed_25\summary.xml
7500,37,90,7199.0,6896,88.89189189189189,96,C:\Users\panavberokhai\Desktop\project\sumo_emission_project\data\capacity_analysis\volumes\V7500\seed_37\summary.xml
7500,42,90,7199.0,6906,89.10810810810811,98,C:\Users\panavberokhai\Desktop\project\sumo_emission_project\data\capacity_analysis\volumes\V7500\seed_42\summary.xml
7500,5,90,7199.0,6891,88.70270270270271,94,C:\Users\panavberokhai\Desktop\project\sumo_emission_project\data\capacity_analysis\volumes\V7500\seed_5\summary.xml
7500,50,90,7199.0,6862,88.89189189189189,96,C:\Users\panavberokhai\Desktop\project\sumo_emission_project\data\capacity_analysis\volumes\V7500\seed_50\summary.xml
7500,75,90,7199.0,6907,89.1891891891892,97,C:\Users\panavberokhai\Desktop\project\sumo_emission_project\data\capacity_analysis\volumes\V7500\seed_75\summary.xml
7500,77,90,7199.0,6899,88.91891891891892,97,C:\Users\panavberokhai\Desktop\project\sumo_emission_project\data\capacity_analysis\volumes\V7500\seed_77\summary.xml
